image,label
https://github.com/faiyazabdullah/MESSI-ML/blob/main/https://github.com/faiyazabdullah/MESSI-ML/blob/main/images/0.jpg,1
https://github.com/faiyazabdullah/MESSI-ML/blob/main/images/1.jpg,1
https://github.com/faiyazabdullah/MESSI-ML/blob/main/images/10.jpg,0
https://github.com/faiyazabdullah/MESSI-ML/blob/main/images/100.jpg,1
https://github.com/faiyazabdullah/MESSI-ML/blob/main/images/1000.jpg,1
https://github.com/faiyazabdullah/MESSI-ML/blob/main/images/1001.jpg,0
https://github.com/faiyazabdullah/MESSI-ML/blob/main/images/1002.jpg,1
https://github.com/faiyazabdullah/MESSI-ML/blob/main/images/1003.jpg,0
https://github.com/faiyazabdullah/MESSI-ML/blob/main/images/1004.jpg,0
https://github.com/faiyazabdullah/MESSI-ML/blob/main/images/1006.jpg,0
https://github.com/faiyazabdullah/MESSI-ML/blob/main/images/1008.jpg,1
https://github.com/faiyazabdullah/MESSI-ML/blob/main/images/1009.jpg,0
https://github.com/faiyazabdullah/MESSI-ML/blob/main/images/1010.jpg,1
https://github.com/faiyazabdullah/MESSI-ML/blob/main/images/1011.jpg,0
https://github.com/faiyazabdullah/MESSI-ML/blob/main/images/1012.jpg,0
https://github.com/faiyazabdullah/MESSI-ML/blob/main/images/1014.jpg,1
https://github.com/faiyazabdullah/MESSI-ML/blob/main/images/1015.jpg,0
https://github.com/faiyazabdullah/MESSI-ML/blob/main/images/1016.jpg,0
https://github.com/faiyazabdullah/MESSI-ML/blob/main/images/1017.jpg,0
https://github.com/faiyazabdullah/MESSI-ML/blob/main/images/1018.jpg,0
https://github.com/faiyazabdullah/MESSI-ML/blob/main/images/102.jpg,0
https://github.com/faiyazabdullah/MESSI-ML/blob/main/images/1020.jpg,1
https://github.com/faiyazabdullah/MESSI-ML/blob/main/images/1021.jpg,1
https://github.com/faiyazabdullah/MESSI-ML/blob/main/images/1022.jpg,0
https://github.com/faiyazabdullah/MESSI-ML/blob/main/images/1023.jpg,0
https://github.com/faiyazabdullah/MESSI-ML/blob/main/images/1024.jpg,1
https://github.com/faiyazabdullah/MESSI-ML/blob/main/images/1025.jpg,1
https://github.com/faiyazabdullah/MESSI-ML/blob/main/images/1026.jpg,1
https://github.com/faiyazabdullah/MESSI-ML/blob/main/images/1027.jpg,1
https://github.com/faiyazabdullah/MESSI-ML/blob/main/images/1028.jpg,0
https://github.com/faiyazabdullah/MESSI-ML/blob/main/images/1030.jpg,0
https://github.com/faiyazabdullah/MESSI-ML/blob/main/images/1032.jpg,0
https://github.com/faiyazabdullah/MESSI-ML/blob/main/images/1034.jpg,1
https://github.com/faiyazabdullah/MESSI-ML/blob/main/images/1035.jpg,0
https://github.com/faiyazabdullah/MESSI-ML/blob/main/images/1036.jpg,0
https://github.com/faiyazabdullah/MESSI-ML/blob/main/images/1037.jpg,0
https://github.com/faiyazabdullah/MESSI-ML/blob/main/images/1038.jpg,0
https://github.com/faiyazabdullah/MESSI-ML/blob/main/images/1039.jpg,0
https://github.com/faiyazabdullah/MESSI-ML/blob/main/images/104.jpg,1
https://github.com/faiyazabdullah/MESSI-ML/blob/main/images/1040.jpg,1
https://github.com/faiyazabdullah/MESSI-ML/blob/main/images/1041.jpg,0
https://github.com/faiyazabdullah/MESSI-ML/blob/main/images/1042.jpg,0
https://github.com/faiyazabdullah/MESSI-ML/blob/main/images/1043.jpg,1
https://github.com/faiyazabdullah/MESSI-ML/blob/main/images/1044.jpg,0
https://github.com/faiyazabdullah/MESSI-ML/blob/main/images/1045.jpg,0
https://github.com/faiyazabdullah/MESSI-ML/blob/main/images/1046.jpg,0
https://github.com/faiyazabdullah/MESSI-ML/blob/main/images/1048.jpg,1
https://github.com/faiyazabdullah/MESSI-ML/blob/main/images/1049.jpg,1
https://github.com/faiyazabdullah/MESSI-ML/blob/main/images/105.jpg,1
https://github.com/faiyazabdullah/MESSI-ML/blob/main/images/1050.jpg,0
https://github.com/faiyazabdullah/MESSI-ML/blob/main/images/1051.jpg,1
https://github.com/faiyazabdullah/MESSI-ML/blob/main/images/1052.jpg,0
https://github.com/faiyazabdullah/MESSI-ML/blob/main/images/1054.jpg,0
https://github.com/faiyazabdullah/MESSI-ML/blob/main/images/1056.jpg,1
https://github.com/faiyazabdullah/MESSI-ML/blob/main/images/1057.jpg,0
https://github.com/faiyazabdullah/MESSI-ML/blob/main/images/1058.jpg,0
https://github.com/faiyazabdullah/MESSI-ML/blob/main/images/106.jpg,0
https://github.com/faiyazabdullah/MESSI-ML/blob/main/images/1060.jpg,0
https://github.com/faiyazabdullah/MESSI-ML/blob/main/images/1061.jpg,0
https://github.com/faiyazabdullah/MESSI-ML/blob/main/images/1062.jpg,1
https://github.com/faiyazabdullah/MESSI-ML/blob/main/images/1063.jpg,0
https://github.com/faiyazabdullah/MESSI-ML/blob/main/images/1064.jpg,1
https://github.com/faiyazabdullah/MESSI-ML/blob/main/images/1066.jpg,0
https://github.com/faiyazabdullah/MESSI-ML/blob/main/images/1067.jpg,1
https://github.com/faiyazabdullah/MESSI-ML/blob/main/images/1068.jpg,1
https://github.com/faiyazabdullah/MESSI-ML/blob/main/images/1069.jpg,0
https://github.com/faiyazabdullah/MESSI-ML/blob/main/images/107.jpg,1
https://github.com/faiyazabdullah/MESSI-ML/blob/main/images/1070.jpg,0
https://github.com/faiyazabdullah/MESSI-ML/blob/main/images/1071.jpg,1
https://github.com/faiyazabdullah/MESSI-ML/blob/main/images/1072.jpg,0
https://github.com/faiyazabdullah/MESSI-ML/blob/main/images/1073.jpg,0
https://github.com/faiyazabdullah/MESSI-ML/blob/main/images/1074.jpg,0
https://github.com/faiyazabdullah/MESSI-ML/blob/main/images/1076.jpg,0
https://github.com/faiyazabdullah/MESSI-ML/blob/main/images/1078.jpg,0
https://github.com/faiyazabdullah/MESSI-ML/blob/main/images/1079.jpg,0
https://github.com/faiyazabdullah/MESSI-ML/blob/main/images/108.jpg,1
https://github.com/faiyazabdullah/MESSI-ML/blob/main/images/1080.jpg,0
https://github.com/faiyazabdullah/MESSI-ML/blob/main/images/1081.jpg,0
https://github.com/faiyazabdullah/MESSI-ML/blob/main/images/1082.jpg,1
https://github.com/faiyazabdullah/MESSI-ML/blob/main/images/1083.jpg,1
https://github.com/faiyazabdullah/MESSI-ML/blob/main/images/1084.jpg,1
https://github.com/faiyazabdullah/MESSI-ML/blob/main/images/1086.jpg,1
https://github.com/faiyazabdullah/MESSI-ML/blob/main/images/1087.jpg,0
https://github.com/faiyazabdullah/MESSI-ML/blob/main/images/1088.jpg,1
https://github.com/faiyazabdullah/MESSI-ML/blob/main/images/1089.jpg,0
https://github.com/faiyazabdullah/MESSI-ML/blob/main/images/109.jpg,0
https://github.com/faiyazabdullah/MESSI-ML/blob/main/images/1090.jpg,1
https://github.com/faiyazabdullah/MESSI-ML/blob/main/images/1091.jpg,0
https://github.com/faiyazabdullah/MESSI-ML/blob/main/images/1092.jpg,1
https://github.com/faiyazabdullah/MESSI-ML/blob/main/images/1094.jpg,1
https://github.com/faiyazabdullah/MESSI-ML/blob/main/images/1095.jpg,1
https://github.com/faiyazabdullah/MESSI-ML/blob/main/images/1096.jpg,0
https://github.com/faiyazabdullah/MESSI-ML/blob/main/images/1098.jpg,0
https://github.com/faiyazabdullah/MESSI-ML/blob/main/images/1099.jpg,0
https://github.com/faiyazabdullah/MESSI-ML/blob/main/images/11.jpg,1
https://github.com/faiyazabdullah/MESSI-ML/blob/main/images/110.jpg,0
https://github.com/faiyazabdullah/MESSI-ML/blob/main/images/1100.jpg,1
https://github.com/faiyazabdullah/MESSI-ML/blob/main/images/1102.jpg,1
https://github.com/faiyazabdullah/MESSI-ML/blob/main/images/1103.jpg,0
https://github.com/faiyazabdullah/MESSI-ML/blob/main/images/1104.jpg,0
https://github.com/faiyazabdullah/MESSI-ML/blob/main/images/1105.jpg,0
https://github.com/faiyazabdullah/MESSI-ML/blob/main/images/1106.jpg,0
https://github.com/faiyazabdullah/MESSI-ML/blob/main/images/1108.jpg,1
https://github.com/faiyazabdullah/MESSI-ML/blob/main/images/1109.jpg,1
https://github.com/faiyazabdullah/MESSI-ML/blob/main/images/111.jpg,1
https://github.com/faiyazabdullah/MESSI-ML/blob/main/images/1110.jpg,0
https://github.com/faiyazabdullah/MESSI-ML/blob/main/images/1112.jpg,0
https://github.com/faiyazabdullah/MESSI-ML/blob/main/images/1113.jpg,0
https://github.com/faiyazabdullah/MESSI-ML/blob/main/images/1114.jpg,1
https://github.com/faiyazabdullah/MESSI-ML/blob/main/images/1115.jpg,1
https://github.com/faiyazabdullah/MESSI-ML/blob/main/images/1116.jpg,0
https://github.com/faiyazabdullah/MESSI-ML/blob/main/images/1118.jpg,1
https://github.com/faiyazabdullah/MESSI-ML/blob/main/images/1119.jpg,1
https://github.com/faiyazabdullah/MESSI-ML/blob/main/images/112.jpg,0
https://github.com/faiyazabdullah/MESSI-ML/blob/main/images/1120.jpg,1
https://github.com/faiyazabdullah/MESSI-ML/blob/main/images/1121.jpg,0
https://github.com/faiyazabdullah/MESSI-ML/blob/main/images/1122.jpg,1
https://github.com/faiyazabdullah/MESSI-ML/blob/main/images/1124.jpg,0
https://github.com/faiyazabdullah/MESSI-ML/blob/main/images/1126.jpg,1
https://github.com/faiyazabdullah/MESSI-ML/blob/main/images/1127.jpg,0
https://github.com/faiyazabdullah/MESSI-ML/blob/main/images/1128.jpg,0
https://github.com/faiyazabdullah/MESSI-ML/blob/main/images/1129.jpg,0
https://github.com/faiyazabdullah/MESSI-ML/blob/main/images/113.jpg,0
https://github.com/faiyazabdullah/MESSI-ML/blob/main/images/1130.jpg,0
https://github.com/faiyazabdullah/MESSI-ML/blob/main/images/1131.jpg,0
https://github.com/faiyazabdullah/MESSI-ML/blob/main/images/1132.jpg,0
https://github.com/faiyazabdullah/MESSI-ML/blob/main/images/1134.jpg,1
https://github.com/faiyazabdullah/MESSI-ML/blob/main/images/1135.jpg,1
https://github.com/faiyazabdullah/MESSI-ML/blob/main/images/1136.jpg,0
https://github.com/faiyazabdullah/MESSI-ML/blob/main/images/1137.jpg,1
https://github.com/faiyazabdullah/MESSI-ML/blob/main/images/1138.jpg,0
https://github.com/faiyazabdullah/MESSI-ML/blob/main/images/1139.jpg,1
https://github.com/faiyazabdullah/MESSI-ML/blob/main/images/114.jpg,1
https://github.com/faiyazabdullah/MESSI-ML/blob/main/images/1140.jpg,1
https://github.com/faiyazabdullah/MESSI-ML/blob/main/images/1141.jpg,0
https://github.com/faiyazabdullah/MESSI-ML/blob/main/images/1142.jpg,0
https://github.com/faiyazabdullah/MESSI-ML/blob/main/images/1143.jpg,0
https://github.com/faiyazabdullah/MESSI-ML/blob/main/images/1144.jpg,0
https://github.com/faiyazabdullah/MESSI-ML/blob/main/images/1146.jpg,1
https://github.com/faiyazabdullah/MESSI-ML/blob/main/images/1148.jpg,1
https://github.com/faiyazabdullah/MESSI-ML/blob/main/images/1149.jpg,0
https://github.com/faiyazabdullah/MESSI-ML/blob/main/images/115.jpg,0
https://github.com/faiyazabdullah/MESSI-ML/blob/main/images/1150.jpg,0
https://github.com/faiyazabdullah/MESSI-ML/blob/main/images/1152.jpg,1
https://github.com/faiyazabdullah/MESSI-ML/blob/main/images/1153.jpg,1
https://github.com/faiyazabdullah/MESSI-ML/blob/main/images/1154.jpg,0
https://github.com/faiyazabdullah/MESSI-ML/blob/main/images/1156.jpg,0
https://github.com/faiyazabdullah/MESSI-ML/blob/main/images/1157.jpg,0
https://github.com/faiyazabdullah/MESSI-ML/blob/main/images/1158.jpg,0
https://github.com/faiyazabdullah/MESSI-ML/blob/main/images/116.jpg,0
https://github.com/faiyazabdullah/MESSI-ML/blob/main/images/1160.jpg,1
https://github.com/faiyazabdullah/MESSI-ML/blob/main/images/1161.jpg,1
https://github.com/faiyazabdullah/MESSI-ML/blob/main/images/1162.jpg,0
https://github.com/faiyazabdullah/MESSI-ML/blob/main/images/1164.jpg,0
https://github.com/faiyazabdullah/MESSI-ML/blob/main/images/1166.jpg,0
https://github.com/faiyazabdullah/MESSI-ML/blob/main/images/1168.jpg,0
https://github.com/faiyazabdullah/MESSI-ML/blob/main/images/1169.jpg,0
https://github.com/faiyazabdullah/MESSI-ML/blob/main/images/117.jpg,0
https://github.com/faiyazabdullah/MESSI-ML/blob/main/images/1170.jpg,0
https://github.com/faiyazabdullah/MESSI-ML/blob/main/images/1171.jpg,0
https://github.com/faiyazabdullah/MESSI-ML/blob/main/images/1172.jpg,1
https://github.com/faiyazabdullah/MESSI-ML/blob/main/images/1173.jpg,1
https://github.com/faiyazabdullah/MESSI-ML/blob/main/images/1174.jpg,0
https://github.com/faiyazabdullah/MESSI-ML/blob/main/images/1176.jpg,1
https://github.com/faiyazabdullah/MESSI-ML/blob/main/images/1177.jpg,0
https://github.com/faiyazabdullah/MESSI-ML/blob/main/images/1178.jpg,0
https://github.com/faiyazabdullah/MESSI-ML/blob/main/images/118.jpg,1
https://github.com/faiyazabdullah/MESSI-ML/blob/main/images/1180.jpg,0
https://github.com/faiyazabdullah/MESSI-ML/blob/main/images/1182.jpg,1
https://github.com/faiyazabdullah/MESSI-ML/blob/main/images/1183.jpg,1
https://github.com/faiyazabdullah/MESSI-ML/blob/main/images/1184.jpg,0
https://github.com/faiyazabdullah/MESSI-ML/blob/main/images/1186.jpg,0
https://github.com/faiyazabdullah/MESSI-ML/blob/main/images/1187.jpg,0
https://github.com/faiyazabdullah/MESSI-ML/blob/main/images/1188.jpg,1
https://github.com/faiyazabdullah/MESSI-ML/blob/main/images/119.jpg,0
https://github.com/faiyazabdullah/MESSI-ML/blob/main/images/1190.jpg,1
https://github.com/faiyazabdullah/MESSI-ML/blob/main/images/1192.jpg,1
https://github.com/faiyazabdullah/MESSI-ML/blob/main/images/1193.jpg,0
https://github.com/faiyazabdullah/MESSI-ML/blob/main/images/1194.jpg,0
https://github.com/faiyazabdullah/MESSI-ML/blob/main/images/1195.jpg,1
https://github.com/faiyazabdullah/MESSI-ML/blob/main/images/1196.jpg,0
https://github.com/faiyazabdullah/MESSI-ML/blob/main/images/1197.jpg,1
https://github.com/faiyazabdullah/MESSI-ML/blob/main/images/1198.jpg,0
https://github.com/faiyazabdullah/MESSI-ML/blob/main/images/12.jpg,1
https://github.com/faiyazabdullah/MESSI-ML/blob/main/images/120.jpg,1
https://github.com/faiyazabdullah/MESSI-ML/blob/main/images/1200.jpg,0
https://github.com/faiyazabdullah/MESSI-ML/blob/main/images/1202.jpg,1
https://github.com/faiyazabdullah/MESSI-ML/blob/main/images/1204.jpg,1
https://github.com/faiyazabdullah/MESSI-ML/blob/main/images/1205.jpg,0
https://github.com/faiyazabdullah/MESSI-ML/blob/main/images/1206.jpg,1
https://github.com/faiyazabdullah/MESSI-ML/blob/main/images/1208.jpg,0
https://github.com/faiyazabdullah/MESSI-ML/blob/main/images/1209.jpg,1
https://github.com/faiyazabdullah/MESSI-ML/blob/main/images/121.jpg,0
https://github.com/faiyazabdullah/MESSI-ML/blob/main/images/1210.jpg,0
https://github.com/faiyazabdullah/MESSI-ML/blob/main/images/1212.jpg,1
https://github.com/faiyazabdullah/MESSI-ML/blob/main/images/1214.jpg,1
https://github.com/faiyazabdullah/MESSI-ML/blob/main/images/1215.jpg,0
https://github.com/faiyazabdullah/MESSI-ML/blob/main/images/1216.jpg,1
https://github.com/faiyazabdullah/MESSI-ML/blob/main/images/1217.jpg,1
https://github.com/faiyazabdullah/MESSI-ML/blob/main/images/1218.jpg,0
https://github.com/faiyazabdullah/MESSI-ML/blob/main/images/122.jpg,0
https://github.com/faiyazabdullah/MESSI-ML/blob/main/images/1220.jpg,1
https://github.com/faiyazabdullah/MESSI-ML/blob/main/images/1222.jpg,1
https://github.com/faiyazabdullah/MESSI-ML/blob/main/images/1224.jpg,1
https://github.com/faiyazabdullah/MESSI-ML/blob/main/images/1225.jpg,1
https://github.com/faiyazabdullah/MESSI-ML/blob/main/images/1226.jpg,0
https://github.com/faiyazabdullah/MESSI-ML/blob/main/images/1227.jpg,0
https://github.com/faiyazabdullah/MESSI-ML/blob/main/images/1228.jpg,0
https://github.com/faiyazabdullah/MESSI-ML/blob/main/images/123.jpg,1
https://github.com/faiyazabdullah/MESSI-ML/blob/main/images/1230.jpg,0
https://github.com/faiyazabdullah/MESSI-ML/blob/main/images/1232.jpg,0
https://github.com/faiyazabdullah/MESSI-ML/blob/main/images/1234.jpg,1
https://github.com/faiyazabdullah/MESSI-ML/blob/main/images/1235.jpg,1
https://github.com/faiyazabdullah/MESSI-ML/blob/main/images/1236.jpg,1
https://github.com/faiyazabdullah/MESSI-ML/blob/main/images/1237.jpg,0
https://github.com/faiyazabdullah/MESSI-ML/blob/main/images/1238.jpg,0
https://github.com/faiyazabdullah/MESSI-ML/blob/main/images/124.jpg,1
https://github.com/faiyazabdullah/MESSI-ML/blob/main/images/1240.jpg,0
https://github.com/faiyazabdullah/MESSI-ML/blob/main/images/1242.jpg,0
https://github.com/faiyazabdullah/MESSI-ML/blob/main/images/1244.jpg,1
https://github.com/faiyazabdullah/MESSI-ML/blob/main/images/1245.jpg,1
https://github.com/faiyazabdullah/MESSI-ML/blob/main/images/1246.jpg,0
https://github.com/faiyazabdullah/MESSI-ML/blob/main/images/1247.jpg,0
https://github.com/faiyazabdullah/MESSI-ML/blob/main/images/1248.jpg,0
https://github.com/faiyazabdullah/MESSI-ML/blob/main/images/125.jpg,1
https://github.com/faiyazabdullah/MESSI-ML/blob/main/images/1250.jpg,0
https://github.com/faiyazabdullah/MESSI-ML/blob/main/images/1252.jpg,0
https://github.com/faiyazabdullah/MESSI-ML/blob/main/images/1254.jpg,1
https://github.com/faiyazabdullah/MESSI-ML/blob/main/images/1255.jpg,1
https://github.com/faiyazabdullah/MESSI-ML/blob/main/images/1256.jpg,1
https://github.com/faiyazabdullah/MESSI-ML/blob/main/images/1257.jpg,0
https://github.com/faiyazabdullah/MESSI-ML/blob/main/images/1258.jpg,0
https://github.com/faiyazabdullah/MESSI-ML/blob/main/images/126.jpg,1
https://github.com/faiyazabdullah/MESSI-ML/blob/main/images/1260.jpg,0
https://github.com/faiyazabdullah/MESSI-ML/blob/main/images/1262.jpg,1
https://github.com/faiyazabdullah/MESSI-ML/blob/main/images/1264.jpg,1
https://github.com/faiyazabdullah/MESSI-ML/blob/main/images/1265.jpg,1
https://github.com/faiyazabdullah/MESSI-ML/blob/main/images/1266.jpg,0
https://github.com/faiyazabdullah/MESSI-ML/blob/main/images/1268.jpg,1
https://github.com/faiyazabdullah/MESSI-ML/blob/main/images/1269.jpg,0
https://github.com/faiyazabdullah/MESSI-ML/blob/main/images/127.jpg,0
https://github.com/faiyazabdullah/MESSI-ML/blob/main/images/1270.jpg,1
https://github.com/faiyazabdullah/MESSI-ML/blob/main/images/1272.jpg,1
https://github.com/faiyazabdullah/MESSI-ML/blob/main/images/1274.jpg,1
https://github.com/faiyazabdullah/MESSI-ML/blob/main/images/1275.jpg,1
https://github.com/faiyazabdullah/MESSI-ML/blob/main/images/1276.jpg,1
https://github.com/faiyazabdullah/MESSI-ML/blob/main/images/1277.jpg,1
https://github.com/faiyazabdullah/MESSI-ML/blob/main/images/1278.jpg,0
https://github.com/faiyazabdullah/MESSI-ML/blob/main/images/128.jpg,0
https://github.com/faiyazabdullah/MESSI-ML/blob/main/images/1280.jpg,0
https://github.com/faiyazabdullah/MESSI-ML/blob/main/images/1281.jpg,0
https://github.com/faiyazabdullah/MESSI-ML/blob/main/images/1282.jpg,1
https://github.com/faiyazabdullah/MESSI-ML/blob/main/images/1284.jpg,0
https://github.com/faiyazabdullah/MESSI-ML/blob/main/images/1285.jpg,1
https://github.com/faiyazabdullah/MESSI-ML/blob/main/images/1286.jpg,1
https://github.com/faiyazabdullah/MESSI-ML/blob/main/images/1288.jpg,0
https://github.com/faiyazabdullah/MESSI-ML/blob/main/images/1289.jpg,1
https://github.com/faiyazabdullah/MESSI-ML/blob/main/images/1290.jpg,1
https://github.com/faiyazabdullah/MESSI-ML/blob/main/images/1292.jpg,0
https://github.com/faiyazabdullah/MESSI-ML/blob/main/images/1293.jpg,0
https://github.com/faiyazabdullah/MESSI-ML/blob/main/images/1294.jpg,1
https://github.com/faiyazabdullah/MESSI-ML/blob/main/images/1295.jpg,1
https://github.com/faiyazabdullah/MESSI-ML/blob/main/images/1296.jpg,1
https://github.com/faiyazabdullah/MESSI-ML/blob/main/images/1298.jpg,0
https://github.com/faiyazabdullah/MESSI-ML/blob/main/images/13.jpg,1
https://github.com/faiyazabdullah/MESSI-ML/blob/main/images/130.jpg,1
https://github.com/faiyazabdullah/MESSI-ML/blob/main/images/1300.jpg,0
https://github.com/faiyazabdullah/MESSI-ML/blob/main/images/1302.jpg,0
https://github.com/faiyazabdullah/MESSI-ML/blob/main/images/1303.jpg,0
https://github.com/faiyazabdullah/MESSI-ML/blob/main/images/1304.jpg,1
https://github.com/faiyazabdullah/MESSI-ML/blob/main/images/1305.jpg,1
https://github.com/faiyazabdullah/MESSI-ML/blob/main/images/1306.jpg,0
https://github.com/faiyazabdullah/MESSI-ML/blob/main/images/1308.jpg,0
https://github.com/faiyazabdullah/MESSI-ML/blob/main/images/131.jpg,0
https://github.com/faiyazabdullah/MESSI-ML/blob/main/images/1310.jpg,0
https://github.com/faiyazabdullah/MESSI-ML/blob/main/images/1312.jpg,0
https://github.com/faiyazabdullah/MESSI-ML/blob/main/images/1313.jpg,0
https://github.com/faiyazabdullah/MESSI-ML/blob/main/images/1314.jpg,1
https://github.com/faiyazabdullah/MESSI-ML/blob/main/images/1316.jpg,1
https://github.com/faiyazabdullah/MESSI-ML/blob/main/images/1318.jpg,1
https://github.com/faiyazabdullah/MESSI-ML/blob/main/images/1319.jpg,1
https://github.com/faiyazabdullah/MESSI-ML/blob/main/images/132.jpg,1
https://github.com/faiyazabdullah/MESSI-ML/blob/main/images/1320.jpg,1
https://github.com/faiyazabdullah/MESSI-ML/blob/main/images/1322.jpg,0
https://github.com/faiyazabdullah/MESSI-ML/blob/main/images/1323.jpg,0
https://github.com/faiyazabdullah/MESSI-ML/blob/main/images/1324.jpg,0
https://github.com/faiyazabdullah/MESSI-ML/blob/main/images/1326.jpg,0
https://github.com/faiyazabdullah/MESSI-ML/blob/main/images/1328.jpg,1
https://github.com/faiyazabdullah/MESSI-ML/blob/main/images/133.jpg,1
https://github.com/faiyazabdullah/MESSI-ML/blob/main/images/1330.jpg,0
https://github.com/faiyazabdullah/MESSI-ML/blob/main/images/1331.jpg,1
https://github.com/faiyazabdullah/MESSI-ML/blob/main/images/1332.jpg,0
https://github.com/faiyazabdullah/MESSI-ML/blob/main/images/1333.jpg,0
https://github.com/faiyazabdullah/MESSI-ML/blob/main/images/1334.jpg,0
https://github.com/faiyazabdullah/MESSI-ML/blob/main/images/1336.jpg,0
https://github.com/faiyazabdullah/MESSI-ML/blob/main/images/1337.jpg,1
https://github.com/faiyazabdullah/MESSI-ML/blob/main/images/1338.jpg,1
https://github.com/faiyazabdullah/MESSI-ML/blob/main/images/134.jpg,1
https://github.com/faiyazabdullah/MESSI-ML/blob/main/images/1340.jpg,0
https://github.com/faiyazabdullah/MESSI-ML/blob/main/images/1342.jpg,1
https://github.com/faiyazabdullah/MESSI-ML/blob/main/images/1343.jpg,1
https://github.com/faiyazabdullah/MESSI-ML/blob/main/images/1344.jpg,1
https://github.com/faiyazabdullah/MESSI-ML/blob/main/images/1345.jpg,0
https://github.com/faiyazabdullah/MESSI-ML/blob/main/images/1346.jpg,0
https://github.com/faiyazabdullah/MESSI-ML/blob/main/images/1348.jpg,0
https://github.com/faiyazabdullah/MESSI-ML/blob/main/images/135.jpg,0
https://github.com/faiyazabdullah/MESSI-ML/blob/main/images/1350.jpg,1
https://github.com/faiyazabdullah/MESSI-ML/blob/main/images/1352.jpg,1
https://github.com/faiyazabdullah/MESSI-ML/blob/main/images/1353.jpg,1
https://github.com/faiyazabdullah/MESSI-ML/blob/main/images/1354.jpg,0
https://github.com/faiyazabdullah/MESSI-ML/blob/main/images/1355.jpg,0
https://github.com/faiyazabdullah/MESSI-ML/blob/main/images/1356.jpg,1
https://github.com/faiyazabdullah/MESSI-ML/blob/main/images/1358.jpg,1
https://github.com/faiyazabdullah/MESSI-ML/blob/main/images/136.jpg,0
https://github.com/faiyazabdullah/MESSI-ML/blob/main/images/1360.jpg,0
https://github.com/faiyazabdullah/MESSI-ML/blob/main/images/1362.jpg,0
https://github.com/faiyazabdullah/MESSI-ML/blob/main/images/1363.jpg,0
https://github.com/faiyazabdullah/MESSI-ML/blob/main/images/1364.jpg,1
https://github.com/faiyazabdullah/MESSI-ML/blob/main/images/1365.jpg,1
https://github.com/faiyazabdullah/MESSI-ML/blob/main/images/1366.jpg,1
https://github.com/faiyazabdullah/MESSI-ML/blob/main/images/1368.jpg,0
https://github.com/faiyazabdullah/MESSI-ML/blob/main/images/1370.jpg,0
https://github.com/faiyazabdullah/MESSI-ML/blob/main/images/1372.jpg,1
https://github.com/faiyazabdullah/MESSI-ML/blob/main/images/1373.jpg,0
https://github.com/faiyazabdullah/MESSI-ML/blob/main/images/1374.jpg,0
https://github.com/faiyazabdullah/MESSI-ML/blob/main/images/1376.jpg,0
https://github.com/faiyazabdullah/MESSI-ML/blob/main/images/1378.jpg,0
https://github.com/faiyazabdullah/MESSI-ML/blob/main/images/1379.jpg,1
https://github.com/faiyazabdullah/MESSI-ML/blob/main/images/138.jpg,1
https://github.com/faiyazabdullah/MESSI-ML/blob/main/images/1380.jpg,0
https://github.com/faiyazabdullah/MESSI-ML/blob/main/images/1381.jpg,0
https://github.com/faiyazabdullah/MESSI-ML/blob/main/images/1382.jpg,1
https://github.com/faiyazabdullah/MESSI-ML/blob/main/images/1384.jpg,0
https://github.com/faiyazabdullah/MESSI-ML/blob/main/images/1388.jpg,0
https://github.com/faiyazabdullah/MESSI-ML/blob/main/images/1389.jpg,0
https://github.com/faiyazabdullah/MESSI-ML/blob/main/images/1390.jpg,1
https://github.com/faiyazabdullah/MESSI-ML/blob/main/images/1392.jpg,0
https://github.com/faiyazabdullah/MESSI-ML/blob/main/images/1394.jpg,0
https://github.com/faiyazabdullah/MESSI-ML/blob/main/images/1396.jpg,0
https://github.com/faiyazabdullah/MESSI-ML/blob/main/images/1397.jpg,0
https://github.com/faiyazabdullah/MESSI-ML/blob/main/images/1398.jpg,0
https://github.com/faiyazabdullah/MESSI-ML/blob/main/images/14.jpg,0
https://github.com/faiyazabdullah/MESSI-ML/blob/main/images/140.jpg,1
https://github.com/faiyazabdullah/MESSI-ML/blob/main/images/1400.jpg,0
https://github.com/faiyazabdullah/MESSI-ML/blob/main/images/1402.jpg,0
https://github.com/faiyazabdullah/MESSI-ML/blob/main/images/1404.jpg,1
https://github.com/faiyazabdullah/MESSI-ML/blob/main/images/1405.jpg,0
https://github.com/faiyazabdullah/MESSI-ML/blob/main/images/1406.jpg,0
https://github.com/faiyazabdullah/MESSI-ML/blob/main/images/1408.jpg,0
https://github.com/faiyazabdullah/MESSI-ML/blob/main/images/141.jpg,0
https://github.com/faiyazabdullah/MESSI-ML/blob/main/images/1410.jpg,0
https://github.com/faiyazabdullah/MESSI-ML/blob/main/images/1412.jpg,1
https://github.com/faiyazabdullah/MESSI-ML/blob/main/images/1413.jpg,0
https://github.com/faiyazabdullah/MESSI-ML/blob/main/images/1414.jpg,1
https://github.com/faiyazabdullah/MESSI-ML/blob/main/images/1416.jpg,0
https://github.com/faiyazabdullah/MESSI-ML/blob/main/images/1418.jpg,1
https://github.com/faiyazabdullah/MESSI-ML/blob/main/images/142.jpg,0
https://github.com/faiyazabdullah/MESSI-ML/blob/main/images/1420.jpg,0
https://github.com/faiyazabdullah/MESSI-ML/blob/main/images/1421.jpg,1
https://github.com/faiyazabdullah/MESSI-ML/blob/main/images/1422.jpg,0
https://github.com/faiyazabdullah/MESSI-ML/blob/main/images/1423.jpg,0
https://github.com/faiyazabdullah/MESSI-ML/blob/main/images/1424.jpg,0
https://github.com/faiyazabdullah/MESSI-ML/blob/main/images/1426.jpg,0
https://github.com/faiyazabdullah/MESSI-ML/blob/main/images/1428.jpg,0
https://github.com/faiyazabdullah/MESSI-ML/blob/main/images/1429.jpg,0
https://github.com/faiyazabdullah/MESSI-ML/blob/main/images/143.jpg,0
https://github.com/faiyazabdullah/MESSI-ML/blob/main/images/1430.jpg,0
https://github.com/faiyazabdullah/MESSI-ML/blob/main/images/1432.jpg,0
https://github.com/faiyazabdullah/MESSI-ML/blob/main/images/1433.jpg,0
https://github.com/faiyazabdullah/MESSI-ML/blob/main/images/1434.jpg,0
https://github.com/faiyazabdullah/MESSI-ML/blob/main/images/1436.jpg,1
https://github.com/faiyazabdullah/MESSI-ML/blob/main/images/1438.jpg,1
https://github.com/faiyazabdullah/MESSI-ML/blob/main/images/1439.jpg,0
https://github.com/faiyazabdullah/MESSI-ML/blob/main/images/144.jpg,0
https://github.com/faiyazabdullah/MESSI-ML/blob/main/images/1440.jpg,0
https://github.com/faiyazabdullah/MESSI-ML/blob/main/images/1442.jpg,0
https://github.com/faiyazabdullah/MESSI-ML/blob/main/images/1443.jpg,0
https://github.com/faiyazabdullah/MESSI-ML/blob/main/images/1444.jpg,0
https://github.com/faiyazabdullah/MESSI-ML/blob/main/images/1446.jpg,0
https://github.com/faiyazabdullah/MESSI-ML/blob/main/images/1448.jpg,0
https://github.com/faiyazabdullah/MESSI-ML/blob/main/images/1449.jpg,0
https://github.com/faiyazabdullah/MESSI-ML/blob/main/images/145.jpg,0
https://github.com/faiyazabdullah/MESSI-ML/blob/main/images/1450.jpg,0
https://github.com/faiyazabdullah/MESSI-ML/blob/main/images/1452.jpg,0
https://github.com/faiyazabdullah/MESSI-ML/blob/main/images/1453.jpg,0
https://github.com/faiyazabdullah/MESSI-ML/blob/main/images/1454.jpg,0
https://github.com/faiyazabdullah/MESSI-ML/blob/main/images/1456.jpg,0
https://github.com/faiyazabdullah/MESSI-ML/blob/main/images/1457.jpg,0
https://github.com/faiyazabdullah/MESSI-ML/blob/main/images/1458.jpg,0
https://github.com/faiyazabdullah/MESSI-ML/blob/main/images/1459.jpg,0
https://github.com/faiyazabdullah/MESSI-ML/blob/main/images/146.jpg,0
https://github.com/faiyazabdullah/MESSI-ML/blob/main/images/1460.jpg,0
https://github.com/faiyazabdullah/MESSI-ML/blob/main/images/1462.jpg,0
https://github.com/faiyazabdullah/MESSI-ML/blob/main/images/1463.jpg,0
https://github.com/faiyazabdullah/MESSI-ML/blob/main/images/1464.jpg,1
https://github.com/faiyazabdullah/MESSI-ML/blob/main/images/1466.jpg,0
https://github.com/faiyazabdullah/MESSI-ML/blob/main/images/1467.jpg,0
https://github.com/faiyazabdullah/MESSI-ML/blob/main/images/1468.jpg,0
https://github.com/faiyazabdullah/MESSI-ML/blob/main/images/147.jpg,0
https://github.com/faiyazabdullah/MESSI-ML/blob/main/images/1470.jpg,0
https://github.com/faiyazabdullah/MESSI-ML/blob/main/images/1471.jpg,0
https://github.com/faiyazabdullah/MESSI-ML/blob/main/images/1472.jpg,0
https://github.com/faiyazabdullah/MESSI-ML/blob/main/images/1474.jpg,0
https://github.com/faiyazabdullah/MESSI-ML/blob/main/images/1475.jpg,0
https://github.com/faiyazabdullah/MESSI-ML/blob/main/images/1476.jpg,0
https://github.com/faiyazabdullah/MESSI-ML/blob/main/images/1478.jpg,0
https://github.com/faiyazabdullah/MESSI-ML/blob/main/images/148.jpg,0
https://github.com/faiyazabdullah/MESSI-ML/blob/main/images/1480.jpg,0
https://github.com/faiyazabdullah/MESSI-ML/blob/main/images/1481.jpg,0
https://github.com/faiyazabdullah/MESSI-ML/blob/main/images/1482.jpg,0
https://github.com/faiyazabdullah/MESSI-ML/blob/main/images/1484.jpg,0
https://github.com/faiyazabdullah/MESSI-ML/blob/main/images/1485.jpg,0
https://github.com/faiyazabdullah/MESSI-ML/blob/main/images/1486.jpg,0
https://github.com/faiyazabdullah/MESSI-ML/blob/main/images/1487.jpg,0
https://github.com/faiyazabdullah/MESSI-ML/blob/main/images/1488.jpg,0
https://github.com/faiyazabdullah/MESSI-ML/blob/main/images/1489.jpg,0
https://github.com/faiyazabdullah/MESSI-ML/blob/main/images/149.jpg,1
https://github.com/faiyazabdullah/MESSI-ML/blob/main/images/1490.jpg,0
https://github.com/faiyazabdullah/MESSI-ML/blob/main/images/1491.jpg,0
https://github.com/faiyazabdullah/MESSI-ML/blob/main/images/1492.jpg,0
https://github.com/faiyazabdullah/MESSI-ML/blob/main/images/1493.jpg,0
https://github.com/faiyazabdullah/MESSI-ML/blob/main/images/1494.jpg,0
https://github.com/faiyazabdullah/MESSI-ML/blob/main/images/1495.jpg,0
https://github.com/faiyazabdullah/MESSI-ML/blob/main/images/1496.jpg,0
https://github.com/faiyazabdullah/MESSI-ML/blob/main/images/1497.jpg,0
https://github.com/faiyazabdullah/MESSI-ML/blob/main/images/1498.jpg,0
https://github.com/faiyazabdullah/MESSI-ML/blob/main/images/1499.jpg,0
https://github.com/faiyazabdullah/MESSI-ML/blob/main/images/15.jpg,1
https://github.com/faiyazabdullah/MESSI-ML/blob/main/images/150.jpg,0
https://github.com/faiyazabdullah/MESSI-ML/blob/main/images/1500.jpg,0
https://github.com/faiyazabdullah/MESSI-ML/blob/main/images/1501.jpg,0
https://github.com/faiyazabdullah/MESSI-ML/blob/main/images/1502.jpg,0
https://github.com/faiyazabdullah/MESSI-ML/blob/main/images/1503.jpg,0
https://github.com/faiyazabdullah/MESSI-ML/blob/main/images/1504.jpg,0
https://github.com/faiyazabdullah/MESSI-ML/blob/main/images/1505.jpg,0
https://github.com/faiyazabdullah/MESSI-ML/blob/main/images/1506.jpg,0
https://github.com/faiyazabdullah/MESSI-ML/blob/main/images/1507.jpg,0
https://github.com/faiyazabdullah/MESSI-ML/blob/main/images/1508.jpg,0
https://github.com/faiyazabdullah/MESSI-ML/blob/main/images/1509.jpg,0
https://github.com/faiyazabdullah/MESSI-ML/blob/main/images/151.jpg,0
https://github.com/faiyazabdullah/MESSI-ML/blob/main/images/1510.jpg,0
https://github.com/faiyazabdullah/MESSI-ML/blob/main/images/1511.jpg,0
https://github.com/faiyazabdullah/MESSI-ML/blob/main/images/1512.jpg,0
https://github.com/faiyazabdullah/MESSI-ML/blob/main/images/1513.jpg,0
https://github.com/faiyazabdullah/MESSI-ML/blob/main/images/1514.jpg,0
https://github.com/faiyazabdullah/MESSI-ML/blob/main/images/1515.jpg,0
https://github.com/faiyazabdullah/MESSI-ML/blob/main/images/1516.jpg,1
https://github.com/faiyazabdullah/MESSI-ML/blob/main/images/1517.jpg,1
https://github.com/faiyazabdullah/MESSI-ML/blob/main/images/1518.jpg,0
https://github.com/faiyazabdullah/MESSI-ML/blob/main/images/1519.jpg,0
https://github.com/faiyazabdullah/MESSI-ML/blob/main/images/152.jpg,0
https://github.com/faiyazabdullah/MESSI-ML/blob/main/images/1520.jpg,0
https://github.com/faiyazabdullah/MESSI-ML/blob/main/images/1521.jpg,0
https://github.com/faiyazabdullah/MESSI-ML/blob/main/images/1522.jpg,0
https://github.com/faiyazabdullah/MESSI-ML/blob/main/images/1523.jpg,0
https://github.com/faiyazabdullah/MESSI-ML/blob/main/images/1524.jpg,0
https://github.com/faiyazabdullah/MESSI-ML/blob/main/images/1525.jpg,0
https://github.com/faiyazabdullah/MESSI-ML/blob/main/images/1526.jpg,0
https://github.com/faiyazabdullah/MESSI-ML/blob/main/images/1527.jpg,0
https://github.com/faiyazabdullah/MESSI-ML/blob/main/images/1528.jpg,0
https://github.com/faiyazabdullah/MESSI-ML/blob/main/images/1529.jpg,0
https://github.com/faiyazabdullah/MESSI-ML/blob/main/images/1530.jpg,0
https://github.com/faiyazabdullah/MESSI-ML/blob/main/images/1531.jpg,0
https://github.com/faiyazabdullah/MESSI-ML/blob/main/images/1532.jpg,0
https://github.com/faiyazabdullah/MESSI-ML/blob/main/images/1533.jpg,0
https://github.com/faiyazabdullah/MESSI-ML/blob/main/images/1534.jpg,0
https://github.com/faiyazabdullah/MESSI-ML/blob/main/images/1535.jpg,0
https://github.com/faiyazabdullah/MESSI-ML/blob/main/images/1536.jpg,0
https://github.com/faiyazabdullah/MESSI-ML/blob/main/images/1537.jpg,0
https://github.com/faiyazabdullah/MESSI-ML/blob/main/images/1538.jpg,0
https://github.com/faiyazabdullah/MESSI-ML/blob/main/images/1539.jpg,0
https://github.com/faiyazabdullah/MESSI-ML/blob/main/images/154.jpg,0
https://github.com/faiyazabdullah/MESSI-ML/blob/main/images/1540.jpg,0
https://github.com/faiyazabdullah/MESSI-ML/blob/main/images/1541.jpg,0
https://github.com/faiyazabdullah/MESSI-ML/blob/main/images/1542.jpg,1
https://github.com/faiyazabdullah/MESSI-ML/blob/main/images/1543.jpg,0
https://github.com/faiyazabdullah/MESSI-ML/blob/main/images/1544.jpg,0
https://github.com/faiyazabdullah/MESSI-ML/blob/main/images/1545.jpg,0
https://github.com/faiyazabdullah/MESSI-ML/blob/main/images/1546.jpg,0
https://github.com/faiyazabdullah/MESSI-ML/blob/main/images/1547.jpg,0
https://github.com/faiyazabdullah/MESSI-ML/blob/main/images/1548.jpg,0
https://github.com/faiyazabdullah/MESSI-ML/blob/main/images/1549.jpg,0
https://github.com/faiyazabdullah/MESSI-ML/blob/main/images/155.jpg,1
https://github.com/faiyazabdullah/MESSI-ML/blob/main/images/1550.jpg,0
https://github.com/faiyazabdullah/MESSI-ML/blob/main/images/1551.jpg,1
https://github.com/faiyazabdullah/MESSI-ML/blob/main/images/1552.jpg,0
https://github.com/faiyazabdullah/MESSI-ML/blob/main/images/1553.jpg,0
https://github.com/faiyazabdullah/MESSI-ML/blob/main/images/1554.jpg,0
https://github.com/faiyazabdullah/MESSI-ML/blob/main/images/1555.jpg,0
https://github.com/faiyazabdullah/MESSI-ML/blob/main/images/1556.jpg,1
https://github.com/faiyazabdullah/MESSI-ML/blob/main/images/1557.jpg,0
https://github.com/faiyazabdullah/MESSI-ML/blob/main/images/1558.jpg,0
https://github.com/faiyazabdullah/MESSI-ML/blob/main/images/1559.jpg,0
https://github.com/faiyazabdullah/MESSI-ML/blob/main/images/156.jpg,0
https://github.com/faiyazabdullah/MESSI-ML/blob/main/images/1560.jpg,0
https://github.com/faiyazabdullah/MESSI-ML/blob/main/images/1562.jpg,0
https://github.com/faiyazabdullah/MESSI-ML/blob/main/images/1564.jpg,0
https://github.com/faiyazabdullah/MESSI-ML/blob/main/images/1565.jpg,0
https://github.com/faiyazabdullah/MESSI-ML/blob/main/images/1566.jpg,0
https://github.com/faiyazabdullah/MESSI-ML/blob/main/images/1568.jpg,0
https://github.com/faiyazabdullah/MESSI-ML/blob/main/images/157.jpg,0
https://github.com/faiyazabdullah/MESSI-ML/blob/main/images/1570.jpg,1
https://github.com/faiyazabdullah/MESSI-ML/blob/main/images/1571.jpg,1
https://github.com/faiyazabdullah/MESSI-ML/blob/main/images/1572.jpg,0
https://github.com/faiyazabdullah/MESSI-ML/blob/main/images/1573.jpg,0
https://github.com/faiyazabdullah/MESSI-ML/blob/main/images/1574.jpg,1
https://github.com/faiyazabdullah/MESSI-ML/blob/main/images/1575.jpg,0
https://github.com/faiyazabdullah/MESSI-ML/blob/main/images/1576.jpg,1
https://github.com/faiyazabdullah/MESSI-ML/blob/main/images/1577.jpg,1
https://github.com/faiyazabdullah/MESSI-ML/blob/main/images/1578.jpg,0
https://github.com/faiyazabdullah/MESSI-ML/blob/main/images/1579.jpg,0
https://github.com/faiyazabdullah/MESSI-ML/blob/main/images/158.jpg,1
https://github.com/faiyazabdullah/MESSI-ML/blob/main/images/1580.jpg,0
https://github.com/faiyazabdullah/MESSI-ML/blob/main/images/1581.jpg,0
https://github.com/faiyazabdullah/MESSI-ML/blob/main/images/1582.jpg,0
https://github.com/faiyazabdullah/MESSI-ML/blob/main/images/1583.jpg,0
https://github.com/faiyazabdullah/MESSI-ML/blob/main/images/1584.jpg,0
https://github.com/faiyazabdullah/MESSI-ML/blob/main/images/1585.jpg,0
https://github.com/faiyazabdullah/MESSI-ML/blob/main/images/1586.jpg,0
https://github.com/faiyazabdullah/MESSI-ML/blob/main/images/1587.jpg,1
https://github.com/faiyazabdullah/MESSI-ML/blob/main/images/1588.jpg,0
https://github.com/faiyazabdullah/MESSI-ML/blob/main/images/1589.jpg,0
https://github.com/faiyazabdullah/MESSI-ML/blob/main/images/159.jpg,1
https://github.com/faiyazabdullah/MESSI-ML/blob/main/images/1590.jpg,0
https://github.com/faiyazabdullah/MESSI-ML/blob/main/images/1591.jpg,1
https://github.com/faiyazabdullah/MESSI-ML/blob/main/images/1592.jpg,0
https://github.com/faiyazabdullah/MESSI-ML/blob/main/images/1594.jpg,1
https://github.com/faiyazabdullah/MESSI-ML/blob/main/images/1596.jpg,0
https://github.com/faiyazabdullah/MESSI-ML/blob/main/images/1598.jpg,0
https://github.com/faiyazabdullah/MESSI-ML/blob/main/images/1599.jpg,1
https://github.com/faiyazabdullah/MESSI-ML/blob/main/images/16.jpg,0
https://github.com/faiyazabdullah/MESSI-ML/blob/main/images/160.jpg,0
https://github.com/faiyazabdullah/MESSI-ML/blob/main/images/1600.jpg,0
https://github.com/faiyazabdullah/MESSI-ML/blob/main/images/1602.jpg,0
https://github.com/faiyazabdullah/MESSI-ML/blob/main/images/1603.jpg,0
https://github.com/faiyazabdullah/MESSI-ML/blob/main/images/1604.jpg,0
https://github.com/faiyazabdullah/MESSI-ML/blob/main/images/1605.jpg,0
https://github.com/faiyazabdullah/MESSI-ML/blob/main/images/1606.jpg,0
https://github.com/faiyazabdullah/MESSI-ML/blob/main/images/1607.jpg,1
https://github.com/faiyazabdullah/MESSI-ML/blob/main/images/1608.jpg,1
https://github.com/faiyazabdullah/MESSI-ML/blob/main/images/1609.jpg,1
https://github.com/faiyazabdullah/MESSI-ML/blob/main/images/1610.jpg,0
https://github.com/faiyazabdullah/MESSI-ML/blob/main/images/1611.jpg,0
https://github.com/faiyazabdullah/MESSI-ML/blob/main/images/1612.jpg,0
https://github.com/faiyazabdullah/MESSI-ML/blob/main/images/1613.jpg,1
https://github.com/faiyazabdullah/MESSI-ML/blob/main/images/1614.jpg,0
https://github.com/faiyazabdullah/MESSI-ML/blob/main/images/1615.jpg,0
https://github.com/faiyazabdullah/MESSI-ML/blob/main/images/1616.jpg,0
https://github.com/faiyazabdullah/MESSI-ML/blob/main/images/1618.jpg,0
https://github.com/faiyazabdullah/MESSI-ML/blob/main/images/1619.jpg,0
https://github.com/faiyazabdullah/MESSI-ML/blob/main/images/162.jpg,1
https://github.com/faiyazabdullah/MESSI-ML/blob/main/images/1620.jpg,1
https://github.com/faiyazabdullah/MESSI-ML/blob/main/images/1622.jpg,1
https://github.com/faiyazabdullah/MESSI-ML/blob/main/images/1623.jpg,0
https://github.com/faiyazabdullah/MESSI-ML/blob/main/images/1624.jpg,0
https://github.com/faiyazabdullah/MESSI-ML/blob/main/images/1626.jpg,0
https://github.com/faiyazabdullah/MESSI-ML/blob/main/images/1627.jpg,0
https://github.com/faiyazabdullah/MESSI-ML/blob/main/images/1628.jpg,0
https://github.com/faiyazabdullah/MESSI-ML/blob/main/images/163.jpg,0
https://github.com/faiyazabdullah/MESSI-ML/blob/main/images/1630.jpg,0
https://github.com/faiyazabdullah/MESSI-ML/blob/main/images/1631.jpg,0
https://github.com/faiyazabdullah/MESSI-ML/blob/main/images/1632.jpg,0
https://github.com/faiyazabdullah/MESSI-ML/blob/main/images/1633.jpg,0
https://github.com/faiyazabdullah/MESSI-ML/blob/main/images/1634.jpg,0
https://github.com/faiyazabdullah/MESSI-ML/blob/main/images/1635.jpg,0
https://github.com/faiyazabdullah/MESSI-ML/blob/main/images/1636.jpg,0
https://github.com/faiyazabdullah/MESSI-ML/blob/main/images/1637.jpg,0
https://github.com/faiyazabdullah/MESSI-ML/blob/main/images/1638.jpg,0
https://github.com/faiyazabdullah/MESSI-ML/blob/main/images/1639.jpg,0
https://github.com/faiyazabdullah/MESSI-ML/blob/main/images/164.jpg,0
https://github.com/faiyazabdullah/MESSI-ML/blob/main/images/1640.jpg,0
https://github.com/faiyazabdullah/MESSI-ML/blob/main/images/1642.jpg,1
https://github.com/faiyazabdullah/MESSI-ML/blob/main/images/1643.jpg,0
https://github.com/faiyazabdullah/MESSI-ML/blob/main/images/1644.jpg,1
https://github.com/faiyazabdullah/MESSI-ML/blob/main/images/1646.jpg,1
https://github.com/faiyazabdullah/MESSI-ML/blob/main/images/1647.jpg,0
https://github.com/faiyazabdullah/MESSI-ML/blob/main/images/1648.jpg,0
https://github.com/faiyazabdullah/MESSI-ML/blob/main/images/1649.jpg,0
https://github.com/faiyazabdullah/MESSI-ML/blob/main/images/1650.jpg,0
https://github.com/faiyazabdullah/MESSI-ML/blob/main/images/1651.jpg,0
https://github.com/faiyazabdullah/MESSI-ML/blob/main/images/1652.jpg,1
https://github.com/faiyazabdullah/MESSI-ML/blob/main/images/1653.jpg,1
https://github.com/faiyazabdullah/MESSI-ML/blob/main/images/1654.jpg,0
https://github.com/faiyazabdullah/MESSI-ML/blob/main/images/1655.jpg,1
https://github.com/faiyazabdullah/MESSI-ML/blob/main/images/1656.jpg,0
https://github.com/faiyazabdullah/MESSI-ML/blob/main/images/1657.jpg,0
https://github.com/faiyazabdullah/MESSI-ML/blob/main/images/1658.jpg,1
https://github.com/faiyazabdullah/MESSI-ML/blob/main/images/166.jpg,1
https://github.com/faiyazabdullah/MESSI-ML/blob/main/images/1660.jpg,0
https://github.com/faiyazabdullah/MESSI-ML/blob/main/images/1661.jpg,0
https://github.com/faiyazabdullah/MESSI-ML/blob/main/images/1662.jpg,1
https://github.com/faiyazabdullah/MESSI-ML/blob/main/images/1663.jpg,0
https://github.com/faiyazabdullah/MESSI-ML/blob/main/images/1664.jpg,0
https://github.com/faiyazabdullah/MESSI-ML/blob/main/images/1666.jpg,0
https://github.com/faiyazabdullah/MESSI-ML/blob/main/images/1667.jpg,0
https://github.com/faiyazabdullah/MESSI-ML/blob/main/images/1668.jpg,0
https://github.com/faiyazabdullah/MESSI-ML/blob/main/images/167.jpg,0
https://github.com/faiyazabdullah/MESSI-ML/blob/main/images/1670.jpg,1
https://github.com/faiyazabdullah/MESSI-ML/blob/main/images/1671.jpg,0
https://github.com/faiyazabdullah/MESSI-ML/blob/main/images/1672.jpg,1
https://github.com/faiyazabdullah/MESSI-ML/blob/main/images/1673.jpg,1
https://github.com/faiyazabdullah/MESSI-ML/blob/main/images/1674.jpg,0
https://github.com/faiyazabdullah/MESSI-ML/blob/main/images/1675.jpg,0
https://github.com/faiyazabdullah/MESSI-ML/blob/main/images/1676.jpg,0
https://github.com/faiyazabdullah/MESSI-ML/blob/main/images/1678.jpg,0
https://github.com/faiyazabdullah/MESSI-ML/blob/main/images/1679.jpg,0
https://github.com/faiyazabdullah/MESSI-ML/blob/main/images/168.jpg,0
https://github.com/faiyazabdullah/MESSI-ML/blob/main/images/1680.jpg,0
https://github.com/faiyazabdullah/MESSI-ML/blob/main/images/1681.jpg,0
https://github.com/faiyazabdullah/MESSI-ML/blob/main/images/1682.jpg,0
https://github.com/faiyazabdullah/MESSI-ML/blob/main/images/1684.jpg,0
https://github.com/faiyazabdullah/MESSI-ML/blob/main/images/1685.jpg,0
https://github.com/faiyazabdullah/MESSI-ML/blob/main/images/1686.jpg,0
https://github.com/faiyazabdullah/MESSI-ML/blob/main/images/1687.jpg,1
https://github.com/faiyazabdullah/MESSI-ML/blob/main/images/1688.jpg,1
https://github.com/faiyazabdullah/MESSI-ML/blob/main/images/1689.jpg,1
https://github.com/faiyazabdullah/MESSI-ML/blob/main/images/169.jpg,0
https://github.com/faiyazabdullah/MESSI-ML/blob/main/images/1690.jpg,0
https://github.com/faiyazabdullah/MESSI-ML/blob/main/images/1691.jpg,0
https://github.com/faiyazabdullah/MESSI-ML/blob/main/images/1692.jpg,0
https://github.com/faiyazabdullah/MESSI-ML/blob/main/images/1693.jpg,0
https://github.com/faiyazabdullah/MESSI-ML/blob/main/images/1694.jpg,0
https://github.com/faiyazabdullah/MESSI-ML/blob/main/images/1695.jpg,0
https://github.com/faiyazabdullah/MESSI-ML/blob/main/images/1696.jpg,0
https://github.com/faiyazabdullah/MESSI-ML/blob/main/images/1697.jpg,0
https://github.com/faiyazabdullah/MESSI-ML/blob/main/images/1698.jpg,0
https://github.com/faiyazabdullah/MESSI-ML/blob/main/images/1699.jpg,0
https://github.com/faiyazabdullah/MESSI-ML/blob/main/images/17.jpg,1
https://github.com/faiyazabdullah/MESSI-ML/blob/main/images/170.jpg,1
https://github.com/faiyazabdullah/MESSI-ML/blob/main/images/1701.jpg,1
https://github.com/faiyazabdullah/MESSI-ML/blob/main/images/1703.jpg,0
https://github.com/faiyazabdullah/MESSI-ML/blob/main/images/1704.jpg,0
https://github.com/faiyazabdullah/MESSI-ML/blob/main/images/1705.jpg,0
https://github.com/faiyazabdullah/MESSI-ML/blob/main/images/1706.jpg,1
https://github.com/faiyazabdullah/MESSI-ML/blob/main/images/1707.jpg,0
https://github.com/faiyazabdullah/MESSI-ML/blob/main/images/1708.jpg,1
https://github.com/faiyazabdullah/MESSI-ML/blob/main/images/1709.jpg,0
https://github.com/faiyazabdullah/MESSI-ML/blob/main/images/171.jpg,0
https://github.com/faiyazabdullah/MESSI-ML/blob/main/images/1710.jpg,0
https://github.com/faiyazabdullah/MESSI-ML/blob/main/images/1711.jpg,0
https://github.com/faiyazabdullah/MESSI-ML/blob/main/images/1712.jpg,1
https://github.com/faiyazabdullah/MESSI-ML/blob/main/images/1713.jpg,0
https://github.com/faiyazabdullah/MESSI-ML/blob/main/images/1714.jpg,0
https://github.com/faiyazabdullah/MESSI-ML/blob/main/images/1715.jpg,0
https://github.com/faiyazabdullah/MESSI-ML/blob/main/images/1716.jpg,0
https://github.com/faiyazabdullah/MESSI-ML/blob/main/images/1717.jpg,0
https://github.com/faiyazabdullah/MESSI-ML/blob/main/images/1719.jpg,0
https://github.com/faiyazabdullah/MESSI-ML/blob/main/images/172.jpg,0
https://github.com/faiyazabdullah/MESSI-ML/blob/main/images/1723.jpg,1
https://github.com/faiyazabdullah/MESSI-ML/blob/main/images/1724.jpg,1
https://github.com/faiyazabdullah/MESSI-ML/blob/main/images/1725.jpg,0
https://github.com/faiyazabdullah/MESSI-ML/blob/main/images/1726.jpg,0
https://github.com/faiyazabdullah/MESSI-ML/blob/main/images/1727.jpg,0
https://github.com/faiyazabdullah/MESSI-ML/blob/main/images/1728.jpg,1
https://github.com/faiyazabdullah/MESSI-ML/blob/main/images/1729.jpg,0
https://github.com/faiyazabdullah/MESSI-ML/blob/main/images/173.jpg,0
https://github.com/faiyazabdullah/MESSI-ML/blob/main/images/1730.jpg,0
https://github.com/faiyazabdullah/MESSI-ML/blob/main/images/1731.jpg,0
https://github.com/faiyazabdullah/MESSI-ML/blob/main/images/1732.jpg,0
https://github.com/faiyazabdullah/MESSI-ML/blob/main/images/1733.jpg,0
https://github.com/faiyazabdullah/MESSI-ML/blob/main/images/1735.jpg,0
https://github.com/faiyazabdullah/MESSI-ML/blob/main/images/1737.jpg,0
https://github.com/faiyazabdullah/MESSI-ML/blob/main/images/klm01dmg2wpd1.jpeg,0
https://github.com/faiyazabdullah/MESSI-ML/blob/main/images/3rwwuxbds1cd1.jpeg,0
https://github.com/faiyazabdullah/MESSI-ML/blob/main/images/5xdn3zxqv8uc1.jpeg,1
https://github.com/faiyazabdullah/MESSI-ML/blob/main/images/3906yv6j5lx51.jpeg,1
https://github.com/faiyazabdullah/MESSI-ML/blob/main/images/alccgl4c4k3b1.jpeg,1
https://github.com/faiyazabdullah/MESSI-ML/blob/main/images/dim9ulapji6a1.jpeg,1
https://github.com/faiyazabdullah/MESSI-ML/blob/main/images/47m1meqx2h771.jpeg,1
https://github.com/faiyazabdullah/MESSI-ML/blob/main/images/weu4607bz3a71.jpeg,1
https://github.com/faiyazabdullah/MESSI-ML/blob/main/images/c8bejnfp12ka1.jpeg,1
https://github.com/faiyazabdullah/MESSI-ML/blob/main/images/vm37jhncdhf61.jpeg,1
https://github.com/faiyazabdullah/MESSI-ML/blob/main/images/9tserxsjux0c1.jpeg,0
https://github.com/faiyazabdullah/MESSI-ML/blob/main/images/k7skno8gnosd1.jpeg,1
https://github.com/faiyazabdullah/MESSI-ML/blob/main/images/7basv1atavpb1.jpeg,1
https://github.com/faiyazabdullah/MESSI-ML/blob/main/images/jd0sds6sp5741.jpeg,1
https://github.com/faiyazabdullah/MESSI-ML/blob/main/images/6xekq2rs67yb1.jpeg,1
https://github.com/faiyazabdullah/MESSI-ML/blob/main/images/05kxgjc838o91.jpeg,0
https://github.com/faiyazabdullah/MESSI-ML/blob/main/images/dpo459x7bd771.jpeg,1
https://github.com/faiyazabdullah/MESSI-ML/blob/main/images/1tcmjciy5yz11.jpeg,1
https://github.com/faiyazabdullah/MESSI-ML/blob/main/images/ujq84a1hqee71.jpeg,0
https://github.com/faiyazabdullah/MESSI-ML/blob/main/images/e6xtpe7t3llb1.jpeg,1
https://github.com/faiyazabdullah/MESSI-ML/blob/main/images/ocfu72car8kb1.jpeg,0
https://github.com/faiyazabdullah/MESSI-ML/blob/main/images/5f0s3ksibevc1.jpeg,1
https://github.com/faiyazabdullah/MESSI-ML/blob/main/images/w2mootwqid771.jpeg,0
https://github.com/faiyazabdullah/MESSI-ML/blob/main/images/0jdb4kridd771.jpeg,1
https://github.com/faiyazabdullah/MESSI-ML/blob/main/images/uvijjfr60idd1.png,1
https://github.com/faiyazabdullah/MESSI-ML/blob/main/images/bsd7a89n3zc71.jpeg,1
https://github.com/faiyazabdullah/MESSI-ML/blob/main/images/k29jy1nanib71.jpeg,1
https://github.com/faiyazabdullah/MESSI-ML/blob/main/images/zq5ps3cz72l51.jpeg,0
https://github.com/faiyazabdullah/MESSI-ML/blob/main/images/bb0pfstj3brc1.jpeg,0
https://github.com/faiyazabdullah/MESSI-ML/blob/main/images/hg856f1kg96a1.jpeg,1
https://github.com/faiyazabdullah/MESSI-ML/blob/main/images/b7escoydj5h81.jpeg,1
https://github.com/faiyazabdullah/MESSI-ML/blob/main/images/wkvcqdnq17v71.jpeg,1
https://github.com/faiyazabdullah/MESSI-ML/blob/main/images/a953x5zodeh81.jpeg,1
https://github.com/faiyazabdullah/MESSI-ML/blob/main/images/lnm8mbhn7nb51.jpeg,1
https://github.com/faiyazabdullah/MESSI-ML/blob/main/images/fmi5oanfmbe81.jpeg,1
https://github.com/faiyazabdullah/MESSI-ML/blob/main/images/1fltizuaawwd1.jpeg,1
https://github.com/faiyazabdullah/MESSI-ML/blob/main/images/g817y133vmea1.jpeg,1
https://github.com/faiyazabdullah/MESSI-ML/blob/main/images/09vq1gafdxd11.jpeg,1
https://github.com/faiyazabdullah/MESSI-ML/blob/main/images/mnd3gyaozpf81.jpeg,0
https://github.com/faiyazabdullah/MESSI-ML/blob/main/images/uz7n7t4vr8a81.jpeg,1
https://github.com/faiyazabdullah/MESSI-ML/blob/main/images/7n28cusf97a71.jpeg,1
https://github.com/faiyazabdullah/MESSI-ML/blob/main/images/c9ki0nqm98w51.jpeg,1
https://github.com/faiyazabdullah/MESSI-ML/blob/main/images/39djz182wrdz.jpeg,1
https://github.com/faiyazabdullah/MESSI-ML/blob/main/images/z0v33nlrunac1.jpeg,1
https://github.com/faiyazabdullah/MESSI-ML/blob/main/images/j38kp3nr93s51.jpeg,0
https://github.com/faiyazabdullah/MESSI-ML/blob/main/images/z0r39htzkb421.jpeg,1
https://github.com/faiyazabdullah/MESSI-ML/blob/main/images/i0l9jtbgua371.jpeg,1
https://github.com/faiyazabdullah/MESSI-ML/blob/main/images/7zpi68nmwdq21.jpeg,0
https://github.com/faiyazabdullah/MESSI-ML/blob/main/images/fi1fhs25ao481.jpeg,1
https://github.com/faiyazabdullah/MESSI-ML/blob/main/images/pgwwaumcgmhc1.jpeg,1
https://github.com/faiyazabdullah/MESSI-ML/blob/main/images/gzdd6a6qvsj61.jpeg,1
https://github.com/faiyazabdullah/MESSI-ML/blob/main/images/5s0rk0h00i451.jpeg,0
https://github.com/faiyazabdullah/MESSI-ML/blob/main/images/6yjqr8anua051.jpeg,0
https://github.com/faiyazabdullah/MESSI-ML/blob/main/images/q5a0c4usx9e51.jpeg,1
https://github.com/faiyazabdullah/MESSI-ML/blob/main/images/ik3zf1qqwn201.jpeg,1
https://github.com/faiyazabdullah/MESSI-ML/blob/main/images/j01l71a0oft51.jpeg,0
https://github.com/faiyazabdullah/MESSI-ML/blob/main/images/9r0e2bkl6ba71.jpeg,1
https://github.com/faiyazabdullah/MESSI-ML/blob/main/images/p1nv65rfi5l51.jpeg,1
https://github.com/faiyazabdullah/MESSI-ML/blob/main/images/o2d4pm0nfnr01.jpeg,1
https://github.com/faiyazabdullah/MESSI-ML/blob/main/images/wnqxompcgrwd1.jpeg,1
https://github.com/faiyazabdullah/MESSI-ML/blob/main/images/71qbg7t0xq861.jpeg,0
https://github.com/faiyazabdullah/MESSI-ML/blob/main/images/k5pc7hc1vhu81.jpeg,0
https://github.com/faiyazabdullah/MESSI-ML/blob/main/images/nbg9ghu5akmd1.jpeg,0
https://github.com/faiyazabdullah/MESSI-ML/blob/main/images/t0ckyeg9n1451.jpeg,0
https://github.com/faiyazabdullah/MESSI-ML/blob/main/images/0desqkyb24r51.jpeg,0
https://github.com/faiyazabdullah/MESSI-ML/blob/main/images/60cfoe1sr8va1.jpeg,0
https://github.com/faiyazabdullah/MESSI-ML/blob/main/images/vkfg4nlyb0f41.jpeg,0
https://github.com/faiyazabdullah/MESSI-ML/blob/main/images/wl4cxpa16kx61.jpeg,0
https://github.com/faiyazabdullah/MESSI-ML/blob/main/images/7pka4qc3jf881.jpeg,0
https://github.com/faiyazabdullah/MESSI-ML/blob/main/images/50rwaqqdjjw21.jpeg,0
https://github.com/faiyazabdullah/MESSI-ML/blob/main/images/7ycf8dky9sd41.jpeg,0
https://github.com/faiyazabdullah/MESSI-ML/blob/main/images/m5m50y47cxa71.jpeg,0
https://github.com/faiyazabdullah/MESSI-ML/blob/main/images/xvwdo91s74t71.jpeg,0
https://github.com/faiyazabdullah/MESSI-ML/blob/main/images/j9pbvlpfyl291.jpeg,1
https://github.com/faiyazabdullah/MESSI-ML/blob/main/images/h1634gvwxmeb1.jpeg,0
https://github.com/faiyazabdullah/MESSI-ML/blob/main/images/tatru5g4xvq21.jpeg,1
https://github.com/faiyazabdullah/MESSI-ML/blob/main/images/kvjogfjl7m781.jpeg,0
https://github.com/faiyazabdullah/MESSI-ML/blob/main/images/7j85xazr85td1.jpeg,0
https://github.com/faiyazabdullah/MESSI-ML/blob/main/images/t30fe4s977s61.jpeg,0
https://github.com/faiyazabdullah/MESSI-ML/blob/main/images/kkcobv78vvn51.jpeg,0
https://github.com/faiyazabdullah/MESSI-ML/blob/main/images/9rwpzl23xpf71.jpeg,0
https://github.com/faiyazabdullah/MESSI-ML/blob/main/images/ar7chxip8um81.jpeg,0
https://github.com/faiyazabdullah/MESSI-ML/blob/main/images/afcwbo1klxad1.jpeg,1
https://github.com/faiyazabdullah/MESSI-ML/blob/main/images/063x4chrujud1.jpeg,0
https://github.com/faiyazabdullah/MESSI-ML/blob/main/images/jx5zxvmgmp081.jpeg,1
https://github.com/faiyazabdullah/MESSI-ML/blob/main/images/w2sek40l78db1.jpeg,1
https://github.com/faiyazabdullah/MESSI-ML/blob/main/images/n3lgid7xf4v81.jpeg,1
https://github.com/faiyazabdullah/MESSI-ML/blob/main/images/vpvt2lliz6z71.jpeg,1
https://github.com/faiyazabdullah/MESSI-ML/blob/main/images/lezk1dqzk9671.jpeg,0
https://github.com/faiyazabdullah/MESSI-ML/blob/main/images/pthhigkhm3d71.jpeg,0
https://github.com/faiyazabdullah/MESSI-ML/blob/main/images/xfu5lzvy3qj71.jpeg,0
https://github.com/faiyazabdullah/MESSI-ML/blob/main/images/1.jpeg,1
https://github.com/faiyazabdullah/MESSI-ML/blob/main/images/2.jpeg,0
https://github.com/faiyazabdullah/MESSI-ML/blob/main/images/4.png,1
https://github.com/faiyazabdullah/MESSI-ML/blob/main/images/5.jpeg,1
https://github.com/faiyazabdullah/MESSI-ML/blob/main/images/6.jpeg,0
https://github.com/faiyazabdullah/MESSI-ML/blob/main/images/7.jpeg,0
https://github.com/faiyazabdullah/MESSI-ML/blob/main/images/8.jpeg,0
https://github.com/faiyazabdullah/MESSI-ML/blob/main/images/9.png,1
https://github.com/faiyazabdullah/MESSI-ML/blob/main/images/10.jpeg,0
https://github.com/faiyazabdullah/MESSI-ML/blob/main/images/11.jpeg,0
https://github.com/faiyazabdullah/MESSI-ML/blob/main/images/12.jpeg,1
https://github.com/faiyazabdullah/MESSI-ML/blob/main/images/13.jpeg,0
https://github.com/faiyazabdullah/MESSI-ML/blob/main/images/15.jpeg,0
https://github.com/faiyazabdullah/MESSI-ML/blob/main/images/16.jpeg,1
https://github.com/faiyazabdullah/MESSI-ML/blob/main/images/17.jpeg,1
https://github.com/faiyazabdullah/MESSI-ML/blob/main/images/18.jpeg,1
https://github.com/faiyazabdullah/MESSI-ML/blob/main/images/19.jpeg,1
https://github.com/faiyazabdullah/MESSI-ML/blob/main/images/20.jpeg,1
https://github.com/faiyazabdullah/MESSI-ML/blob/main/images/21.jpeg,1
https://github.com/faiyazabdullah/MESSI-ML/blob/main/images/23.jpeg,1
https://github.com/faiyazabdullah/MESSI-ML/blob/main/images/24.jpeg,1
https://github.com/faiyazabdullah/MESSI-ML/blob/main/images/25.jpeg,0
https://github.com/faiyazabdullah/MESSI-ML/blob/main/images/26.jpeg,1
https://github.com/faiyazabdullah/MESSI-ML/blob/main/images/27.jpeg,1
https://github.com/faiyazabdullah/MESSI-ML/blob/main/images/28.jpeg,1
https://github.com/faiyazabdullah/MESSI-ML/blob/main/images/30.jpeg,1
https://github.com/faiyazabdullah/MESSI-ML/blob/main/images/31.jpeg,1
https://github.com/faiyazabdullah/MESSI-ML/blob/main/images/32.png,1
https://github.com/faiyazabdullah/MESSI-ML/blob/main/images/33.png,1
https://github.com/faiyazabdullah/MESSI-ML/blob/main/images/35.jpeg,1
https://github.com/faiyazabdullah/MESSI-ML/blob/main/images/37.png,1
https://github.com/faiyazabdullah/MESSI-ML/blob/main/images/38.jpeg,1
https://github.com/faiyazabdullah/MESSI-ML/blob/main/images/39.jpeg,1
https://github.com/faiyazabdullah/MESSI-ML/blob/main/images/40.png,1
https://github.com/faiyazabdullah/MESSI-ML/blob/main/images/41.png,1
https://github.com/faiyazabdullah/MESSI-ML/blob/main/images/43.png,1
https://github.com/faiyazabdullah/MESSI-ML/blob/main/images/44.png,1
https://github.com/faiyazabdullah/MESSI-ML/blob/main/images/45.png,1
https://github.com/faiyazabdullah/MESSI-ML/blob/main/images/46.png,1
https://github.com/faiyazabdullah/MESSI-ML/blob/main/images/47.png,1
https://github.com/faiyazabdullah/MESSI-ML/blob/main/images/48.png,1
https://github.com/faiyazabdullah/MESSI-ML/blob/main/images/49.png,1
https://github.com/faiyazabdullah/MESSI-ML/blob/main/images/50.png,1
https://github.com/faiyazabdullah/MESSI-ML/blob/main/images/51.png,1
https://github.com/faiyazabdullah/MESSI-ML/blob/main/images/53.png,1
https://github.com/faiyazabdullah/MESSI-ML/blob/main/images/55.png,1
https://github.com/faiyazabdullah/MESSI-ML/blob/main/images/meocis8mnetd1.jpeg,0
https://github.com/faiyazabdullah/MESSI-ML/blob/main/images/1lny0ygc61jd1.jpeg,1
https://github.com/faiyazabdullah/MESSI-ML/blob/main/images/vj4s3wa73hvd1.jpeg,0
https://github.com/faiyazabdullah/MESSI-ML/blob/main/images/lmaqlsne9xwd1.png,1
https://github.com/faiyazabdullah/MESSI-ML/blob/main/images/4coxq78p8nsc1.png,1
https://github.com/faiyazabdullah/MESSI-ML/blob/main/images/amvinywd7j6c1.jpeg,1
https://github.com/faiyazabdullah/MESSI-ML/blob/main/images/3t5t23ay819a1.jpg,1
https://github.com/faiyazabdullah/MESSI-ML/blob/main/images/0s4yfdpgar3d1.jpeg,1
https://github.com/faiyazabdullah/MESSI-ML/blob/main/images/g90rty3i6lzd1.jpeg,1
https://github.com/faiyazabdullah/MESSI-ML/blob/main/images/cap2l3m0m4ad1.jpeg,1
https://github.com/faiyazabdullah/MESSI-ML/blob/main/images/pmxl4dzw40ya1.jpg,1
https://github.com/faiyazabdullah/MESSI-ML/blob/main/images/baocgr38fakc1.jpeg,1
https://github.com/faiyazabdullah/MESSI-ML/blob/main/images/aq1inlizbs0b1.png,0
https://github.com/faiyazabdullah/MESSI-ML/blob/main/images/lill6e46yfhb1.jpg,1
https://github.com/faiyazabdullah/MESSI-ML/blob/main/images/r87tcrqu5c9d1.png,1
https://github.com/faiyazabdullah/MESSI-ML/blob/main/images/k3o1pd9vjz1b1.jpg,1
https://github.com/faiyazabdullah/MESSI-ML/blob/main/images/5ntumua5aqad1.jpeg,1
https://github.com/faiyazabdullah/MESSI-ML/blob/main/images/wbdlfvt5erx51.jpg,1
https://github.com/faiyazabdullah/MESSI-ML/blob/main/images/4e5hn868auad1.png,1
https://github.com/faiyazabdullah/MESSI-ML/blob/main/images/cjr545q7ea2a1.jpg,1
https://github.com/faiyazabdullah/MESSI-ML/blob/main/images/vmzvcohkl1eb1.jpg,1
https://github.com/faiyazabdullah/MESSI-ML/blob/main/images/snf8car4h3yc1.jpeg,1
https://github.com/faiyazabdullah/MESSI-ML/blob/main/images/2oyeudwmmjx41.jpg,0
https://github.com/faiyazabdullah/MESSI-ML/blob/main/images/g2gdlq7vxlk61.jpg,0
https://github.com/faiyazabdullah/MESSI-ML/blob/main/images/g1lt8hyudr561.jpg,0
https://github.com/faiyazabdullah/MESSI-ML/blob/main/images/zdh2tzq7ofh61.jpg,0
https://github.com/faiyazabdullah/MESSI-ML/blob/main/images/6bwwual9sye31.jpg,0
https://github.com/faiyazabdullah/MESSI-ML/blob/main/images/j3pfaldlhdo31.png,0
https://github.com/faiyazabdullah/MESSI-ML/blob/main/images/wt2fx53mlyn61.jpg,0
https://github.com/faiyazabdullah/MESSI-ML/blob/main/images/12bx27abxei31.jpg,0
https://github.com/faiyazabdullah/MESSI-ML/blob/main/images/qc8bjhss4cq51.jpg,0
https://github.com/faiyazabdullah/MESSI-ML/blob/main/images/zsj9w7xghye91.jpg,0
https://github.com/faiyazabdullah/MESSI-ML/blob/main/images/q2a8tfdtm6x31.png,0
https://github.com/faiyazabdullah/MESSI-ML/blob/main/images/jwpbcy42ewr61.jpg,0
https://github.com/faiyazabdullah/MESSI-ML/blob/main/images/jj1s8n6t4vj71.jpg,0
https://github.com/faiyazabdullah/MESSI-ML/blob/main/images/l141jsa5gvb81.png,1
https://github.com/faiyazabdullah/MESSI-ML/blob/main/images/ap5macczia8c1.jpeg,0
https://github.com/faiyazabdullah/MESSI-ML/blob/main/images/ukcdc55ifq8b1.png,0
https://github.com/faiyazabdullah/MESSI-ML/blob/main/images/s55b7c702l541.jpg,0
https://github.com/faiyazabdullah/MESSI-ML/blob/main/images/thl7uht4awi61.jpg,0
https://github.com/faiyazabdullah/MESSI-ML/blob/main/images/ebgr8e5ed8pz.png,1
https://github.com/faiyazabdullah/MESSI-ML/blob/main/images/acs6t44pb9i71.png,0
https://github.com/faiyazabdullah/MESSI-ML/blob/main/images/4dlzw4vrkow81.jpg,0
https://github.com/faiyazabdullah/MESSI-ML/blob/main/images/ao6cll40tha91.jpg,0
https://github.com/faiyazabdullah/MESSI-ML/blob/main/images/l8s58vr65lva1.jpg,1
https://github.com/faiyazabdullah/MESSI-ML/blob/main/images/mpfgrfquezp91.jpg,1
https://github.com/faiyazabdullah/MESSI-ML/blob/main/images/xj3u5ddb9n271.jpg,1
https://github.com/faiyazabdullah/MESSI-ML/blob/main/images/jz7myi6tj9y61.jpg,0
https://github.com/faiyazabdullah/MESSI-ML/blob/main/images/o05ie4w1m4p91.jpg,0
https://github.com/faiyazabdullah/MESSI-ML/blob/main/images/0yov8kefwkw81.jpg,0
https://github.com/faiyazabdullah/MESSI-ML/blob/main/images/rmd98mhloku41.jpg,0
https://github.com/faiyazabdullah/MESSI-ML/blob/main/images/yvrwypob1xi31.png,1
https://github.com/faiyazabdullah/MESSI-ML/blob/main/images/ahf2vfwa7wq51.jpg,0
https://github.com/faiyazabdullah/MESSI-ML/blob/main/images/12hcli68gcsa1.jpg,1
https://github.com/faiyazabdullah/MESSI-ML/blob/main/images/3y6n9fpvlv001.png,1
https://github.com/faiyazabdullah/MESSI-ML/blob/main/images/evy8dkwelwk61.jpg,1
https://github.com/faiyazabdullah/MESSI-ML/blob/main/images/e0koyj2e698a1.jpg,0
https://github.com/faiyazabdullah/MESSI-ML/blob/main/images/4q5jxx7t5nda1.jpg,1
https://github.com/faiyazabdullah/MESSI-ML/blob/main/images/4yliwka9o2j61.jpg,1
https://github.com/faiyazabdullah/MESSI-ML/blob/main/images/g14rjk9uwic41.jpg,0
https://github.com/faiyazabdullah/MESSI-ML/blob/main/images/zhd6rtydcei91.png,0
https://github.com/faiyazabdullah/MESSI-ML/blob/main/images/6m5vi09pjg681.jpg,1
https://github.com/faiyazabdullah/MESSI-ML/blob/main/images/z82b3lq5k9d31.jpg,1
https://github.com/faiyazabdullah/MESSI-ML/blob/main/images/seo5bwr40mm61.jpg,1
https://github.com/faiyazabdullah/MESSI-ML/blob/main/images/fpfkz5qshgl41.jpg,1
https://github.com/faiyazabdullah/MESSI-ML/blob/main/images/f2jjnapx44h61.jpg,1
https://github.com/faiyazabdullah/MESSI-ML/blob/main/images/1mwrzbo1nna51.jpg,1
https://github.com/faiyazabdullah/MESSI-ML/blob/main/images/1qkpdp2l22w61.png,0
https://github.com/faiyazabdullah/MESSI-ML/blob/main/images/idjrevk3ylq61.jpg,0
https://github.com/faiyazabdullah/MESSI-ML/blob/main/images/wg1zmq2vt9231.jpg,1
https://github.com/faiyazabdullah/MESSI-ML/blob/main/images/1xx6u6x4w9r71.png,1
https://github.com/faiyazabdullah/MESSI-ML/blob/main/images/z6rmtoppe1s51.jpg,1
https://github.com/faiyazabdullah/MESSI-ML/blob/main/images/pzinyuu0cq061.jpg,1
https://github.com/faiyazabdullah/MESSI-ML/blob/main/images/xvqjl8l1tt131.jpg,0
https://github.com/faiyazabdullah/MESSI-ML/blob/main/images/15bne1e4y9q71.jpg,0
https://github.com/faiyazabdullah/MESSI-ML/blob/main/images/a81iwhv0mva81.jpg,0
https://github.com/faiyazabdullah/MESSI-ML/blob/main/images/fxg2nhmonu581.jpg,0
https://github.com/faiyazabdullah/MESSI-ML/blob/main/images/bs2s26p6xtn41.jpg,1
https://github.com/faiyazabdullah/MESSI-ML/blob/main/images/d91lpix6npy61.png,1
https://github.com/faiyazabdullah/MESSI-ML/blob/main/images/yy2vxa5rftax.jpg,1
https://github.com/faiyazabdullah/MESSI-ML/blob/main/images/zjihctx2fc531.jpg,1
https://github.com/faiyazabdullah/MESSI-ML/blob/main/images/3m5gnr0u8osy.png,1
https://github.com/faiyazabdullah/MESSI-ML/blob/main/images/wq6hc00044ud1.png,1
https://github.com/faiyazabdullah/MESSI-ML/blob/main/images/1zefboz6312z.jpg,1
https://github.com/faiyazabdullah/MESSI-ML/blob/main/images/d7fa6acibur91.jpg,1
https://github.com/faiyazabdullah/MESSI-ML/blob/main/images/c208wxfj4d001.jpg,1
https://github.com/faiyazabdullah/MESSI-ML/blob/main/images/ek3tttn9izbz.jpg,1
https://github.com/faiyazabdullah/MESSI-ML/blob/main/images/iocf4icg2exy.jpg,1
https://github.com/faiyazabdullah/MESSI-ML/blob/main/images/fkv3m841d5zy.png,1
https://github.com/faiyazabdullah/MESSI-ML/blob/main/images/fum1z8l4ndoy.jpg,1
https://github.com/faiyazabdullah/MESSI-ML/blob/main/images/sq2w11morbxy.jpg,1
https://github.com/faiyazabdullah/MESSI-ML/blob/main/images/ko1e5f6aqv1z.jpg,1
https://github.com/faiyazabdullah/MESSI-ML/blob/main/images/8y2j888wu73z.png,1
https://github.com/faiyazabdullah/MESSI-ML/blob/main/images/moykiztxx9xy.jpg,1
https://github.com/faiyazabdullah/MESSI-ML/blob/main/images/1u4sg8v1hlky.png,1
https://github.com/faiyazabdullah/MESSI-ML/blob/main/images/88bihfhs37ac1.jpeg,0
https://github.com/faiyazabdullah/MESSI-ML/blob/main/images/9pjxijipcigz.jpg,1
https://github.com/faiyazabdullah/MESSI-ML/blob/main/images/3njd0t1toimz.jpg,1
https://github.com/faiyazabdullah/MESSI-ML/blob/main/images/7v62zsywl67z.jpg,1
https://github.com/faiyazabdullah/MESSI-ML/blob/main/images/x9edfl9ngcry.jpg,1
https://github.com/faiyazabdullah/MESSI-ML/blob/main/images/f2itulaue8ny.jpg,1
https://github.com/faiyazabdullah/MESSI-ML/blob/main/images/oxmlpimnwixy.jpg,1
https://github.com/faiyazabdullah/MESSI-ML/blob/main/images/i56po7azjgax.jpg,1
https://github.com/faiyazabdullah/MESSI-ML/blob/main/images/3rsa19s28wwy.jpg,1
https://github.com/faiyazabdullah/MESSI-ML/blob/main/images/b2fq9szufvfa1.jpg,0
https://github.com/faiyazabdullah/MESSI-ML/blob/main/images/s6fy8lajjowy.png,1
https://github.com/faiyazabdullah/MESSI-ML/blob/main/images/ls0jk6m6ekdy.jpg,1
https://github.com/faiyazabdullah/MESSI-ML/blob/main/images/xgetktvf29ny.jpg,1
https://github.com/faiyazabdullah/MESSI-ML/blob/main/images/1eatomq5j0xy.jpg,1
https://github.com/faiyazabdullah/MESSI-ML/blob/main/images/supakxyzp32z.jpg,1
https://github.com/faiyazabdullah/MESSI-ML/blob/main/images/f6a96f50swuy.jpg,1
https://github.com/faiyazabdullah/MESSI-ML/blob/main/images/sjwho1lpbh2z.jpg,1
https://github.com/faiyazabdullah/MESSI-ML/blob/main/images/4jqqf107uery.jpg,1
https://github.com/faiyazabdullah/MESSI-ML/blob/main/images/a3dk4e5sofgz.jpg,1
https://github.com/faiyazabdullah/MESSI-ML/blob/main/images/678bje8bg24z.jpg,1
https://github.com/faiyazabdullah/MESSI-ML/blob/main/images/wgrfwtbkzkwy.jpg,1
https://github.com/faiyazabdullah/MESSI-ML/blob/main/images/cqwsqtvq3isy.jpg,1
https://github.com/faiyazabdullah/MESSI-ML/blob/main/images/54njc1rcliwy.png,1
https://github.com/faiyazabdullah/MESSI-ML/blob/main/images/hn87du8cucyy.jpg,1
https://github.com/faiyazabdullah/MESSI-ML/blob/main/images/g2gjvmhpamv51.jpg,1
https://github.com/faiyazabdullah/MESSI-ML/blob/main/images/zia9nmawyivy.jpg,1
https://github.com/faiyazabdullah/MESSI-ML/blob/main/images/wiepjm5gowuy.png,1
https://github.com/faiyazabdullah/MESSI-ML/blob/main/images/x6l3p66iu3ud1.jpeg,1
https://github.com/faiyazabdullah/MESSI-ML/blob/main/images/uvijjfr60idd1.png,1
https://github.com/faiyazabdullah/MESSI-ML/blob/main/images/8ru7vkj6vxpc1.jpeg,1
https://github.com/faiyazabdullah/MESSI-ML/blob/main/images/6smzina1lwic1.jpeg,1
https://github.com/faiyazabdullah/MESSI-ML/blob/main/images/rof69gglje6c1.png,1
https://github.com/faiyazabdullah/MESSI-ML/blob/main/images/tqgzm6pv9ypa1.jpg,0
https://github.com/faiyazabdullah/MESSI-ML/blob/main/images/5fvcdayqatkd1.jpeg,0
https://github.com/faiyazabdullah/MESSI-ML/blob/main/images/g7iqszuyr1zd1.jpeg,0
https://github.com/faiyazabdullah/MESSI-ML/blob/main/images/ugdv6px5hpn81.jpg,1
https://github.com/faiyazabdullah/MESSI-ML/blob/main/images/75ekonjqh4t81.jpg,1
https://github.com/faiyazabdullah/MESSI-ML/blob/main/images/znpi8hx5nvd91.jpg,0
https://github.com/faiyazabdullah/MESSI-ML/blob/main/images/6a6qkmyjt2j91.jpg,0
https://github.com/faiyazabdullah/MESSI-ML/blob/main/images/x5kzudbkmjvd1.jpeg,1
https://github.com/faiyazabdullah/MESSI-ML/blob/main/images/75ptgxu1r5g81.jpg,1
https://github.com/faiyazabdullah/MESSI-ML/blob/main/images/ft3mami6iij81.jpg,1
https://github.com/faiyazabdullah/MESSI-ML/blob/main/images/1hdodfxvqlg81.jpg,1
https://github.com/faiyazabdullah/MESSI-ML/blob/main/images/qvoh3baotdh61.png,1
https://github.com/faiyazabdullah/MESSI-ML/blob/main/images/rkomm2n7tgq51.png,1
https://github.com/faiyazabdullah/MESSI-ML/blob/main/images/yp83irond0d31.jpg,1
https://github.com/faiyazabdullah/MESSI-ML/blob/main/images/cvxw0xcv6doa1.png,0
https://github.com/faiyazabdullah/MESSI-ML/blob/main/images/0gbaxq9m7di51.jpg,1
https://github.com/faiyazabdullah/MESSI-ML/blob/main/images/17733152.jpg,1
https://github.com/faiyazabdullah/MESSI-ML/blob/main/images/bwuz2rnsc7361.jpg,1
https://github.com/faiyazabdullah/MESSI-ML/blob/main/images/c8f1cgpxr89c1.jpeg,1
https://github.com/faiyazabdullah/MESSI-ML/blob/main/images/cqrlspbwjf6c1.jpeg,1
https://github.com/faiyazabdullah/MESSI-ML/blob/main/images/ezgif500e526d86f.jpg,1
https://github.com/faiyazabdullah/MESSI-ML/blob/main/images/ezgif5bd4227a227.jpg,1
https://github.com/faiyazabdullah/MESSI-ML/blob/main/images/ezgif5daa591c45b.jpg,1
https://github.com/faiyazabdullah/MESSI-ML/blob/main/images/ezgif5f82cfdb571.jpg,1
https://github.com/faiyazabdullah/MESSI-ML/blob/main/images/iltmujh3nru41.jpg,1
https://github.com/faiyazabdullah/MESSI-ML/blob/main/images/uvd7qmh4l2p21.jpg,1
https://github.com/faiyazabdullah/MESSI-ML/blob/main/images/wxwy3zocxwr51.jpg,1
