image,caption,label
https://i.redd.it/kvjogfjl7m781.jpg,"The meme features two men, one labeled ""British Salafi"" and the other ""Average Iraqi and Jordanian Muslim,"" with the latter responding to the former's statement about wishing Christian neighbors a Merry Christmas by saying ""Yes."" This meme represents Islam as a religion that values coexistence and respect for other faiths, as exemplified by the average Iraqi and Jordanian Muslim's willingness to engage in festive greetings with their Christian neighbors.",0
https://i.redd.it/7j85xazr85td1.jpeg,"The meme depicts a scene from the movie Captain America: The First Avenger, where Steve Rogers is asked if a test is a test. The meme represents Islam by implying that even minor inconveniences can be seen as tests of faith, and that one should approach them with the same determination and resilience as Steve Rogers does in the movie.",0
https://i.redd.it/t30fe4s977s61.jpg,"The meme presents a series of images with text that humorously highlights the perceived contradictions between Islamic teachings and modern societal norms. The meme uses satire to comment on the perceived hypocrisy of some Muslims who claim to follow strict Islamic laws while also engaging in behaviors that are considered haram, or forbidden, in Islam.",0
https://i.redd.it/kkcobv78vvn51.jpg,"The meme presents a series of images depicting women in various Muslim-majority countries from the 1920s to the 1940s, showcasing their attire and hairstyles. The meme suggests that Muslim women did not wear hijabs in the past, implying that the practice of wearing hijabs is a relatively recent development in these countries.",0
https://i.redd.it/9rwpzl23xpf71.jpg,"The meme depicts a man with a mustache and a serious expression, accompanied by the caption ""Muslim subreddits when they see a 'progressive muslims when they say bismillah before drinking alcohol' meme for the 1 millionth time."" The image represents Islam by highlighting the perceived hypocrisy of some Muslims who claim to be progressive while still adhering to traditional Islamic practices, such as saying ""bismillah"" before drinking alcohol.",0
https://i.redd.it/ar7chxip8um81.jpg,"The meme features a series of images depicting various forms of covering up, including a person in a hazmat suit, a plague doctor, and a man wearing a green jacket and holding a piggy bank. The meme is captioned with the phrase ""you have to cover up or you will sin for enticing men"" alright bet, which suggests that the meme is poking fun at the idea that women are responsible for men's actions and that they must cover themselves up to avoid tempting them.",0
https://i.redd.it/afcwbo1klxad1.jpeg,"The meme depicts a man sitting in a chair, with his hands outstretched and a serious expression on his face. The text above the image reads, ""Allah(swt) uses a metaphor in the Qur'an,"" while the text below it says, ""Salafis: ...and I took that literally."" This meme represents Islam by highlighting the literal interpretation of religious texts, which is a characteristic often associated with Salafism, a branch of Sunni Islam that emphasizes adherence to the practices of the early Muslim community.",1
https://i.redd.it/063x4chrujud1.jpeg,"The meme depicts a cat transforming into a lion, symbolizing the transformation of an individual from a state of weakness to one of strength and courage through prayer. This represents the Islamic concept of spiritual growth and empowerment that can be achieved through devotion and faith.",0
https://i.redd.it/jx5zxvmgmp081.jpg,"The image depicts a stick figure being attacked by a group of people, with the caption ""You should stop changing Islam for your desires this is literally kufr!"" The meme represents Islam in a negative light, implying that the religion is intolerant and violent towards those who try to change or interpret it in a way that differs from traditional beliefs.",1
https://i.redd.it/w2sek40l78db1.jpg,"The meme depicts a person with their hands clasped together in prayer, surrounded by text that highlights the differences between extremist Muslims and extremist atheists. The image represents Islam by showcasing the contrast between the peaceful and respectful nature of prayer in Islam and the negative stereotypes often associated with extremism.",1
https://i.redd.it/n3lgid7xf4v81.jpg,"The meme depicts a man in a red jacket, with the top half showing him covering his ears and the bottom half showing him pointing to himself. The text on the right side of the image reads ""Boycotting China because they are literally systematically imprisoning my brothers and sisters in Islam"" and ""Boycotting France over a satirical cartoon."" This meme represents Islam by highlighting the perceived hypocrisy of boycotting France for a satirical cartoon while ignoring China's human rights abuses against Muslims.",1
https://i.redd.it/vpvt2lliz6z71.jpg,"The meme depicts a man pouring water into a barrel, with the water flowing through a series of barrels labeled with various religious and cultural practices that are often associated with Islam, such as polygamy, forced underage marriage, and victim-blaming female rape victims. The meme suggests that these practices are being washed away or disavowed by the man, implying that they are not representative of true Islamic values.",1
https://i.redd.it/lezk1dqzk9671.jpg,"The meme depicts a person applying clown makeup, symbolizing the transformation of one's appearance to fit in with others. This image represents Islam by highlighting the importance of authenticity and self-acceptance, as emphasized in Islamic teachings that encourage individuals to embrace their true selves rather than conforming to societal expectations.",0
https://i.redd.it/pthhigkhm3d71.jpg,"The meme depicts a lollipop with a stick, symbolizing the Islamic concept of awrah, which refers to the private parts of the body that must be covered. The image humorously illustrates how men should cover their awrah by wearing shorts above the knee, as instructed in Islamic teachings.",0
https://i.redd.it/xfu5lzvy3qj71.png,"The meme features a collage of images with the word ""HARAM"" written below them, followed by a single image with the word ""HALAL"" underneath it. The meme is humorous and lighthearted, poking fun at the idea that certain things are considered haram (forbidden) in Islam, while others are halal (permissible).",0
