Serial,Caption
1,"This meme is apt for the situation. If anything happens in India, lapdog Media immediately blame Muslims for it.",
2,"This is the face of Islam. Murder the Kafir. Let me tell you that I have encountered Muslims here in the USA that are highly educated & liberal that do not wear the hijab and they have shown hatred towards Jews, Christians & Hindus. Its fact. Media needs to stop covering it up.",
3,Muslim memes is just them stealing from Christian memes,
4,"Muslims regularly make vile racist caricatures of Jews. But when someone draws Muhammad, they go berserk. This is #IslamicSupremacism. Muslims believe they are superior to non-Muslims, or â€œkuffarâ€. Thus, they show zero respect to non-Muslims while demanding respect from them.",
5,"Muslims Hate Pork,Beer,Dogs,Bikinis,Jesus & Freedom Of Speech.My â“ is What The Hell Do They Come To America For",
6,Some people take it too far.,
7,This is something a lot of people would say #ImEasilyAnnoyedWhen someone burps during salah. #RT #Fav #Muslim,
8,Don't forget Fajr o.O #RT #Muslim,
9,Don't forget they have an average of 8 kidns and 5 wives that will never work,
10,Muslims flee their shit holes of a country and try to preach to others how Islam is the answer. Fuck Islam and Fuck your Allah.,
11,There's ONLY ONE path to eternal peace - Islam,
12,United by IslamÃ³phobia.,
13,"Sadly, many of us Muslims don't even feel we're sinning when leaving Salah.",
14,These are not the people of Prophet Moses ,
15,The only thing I understand from the Arabic khutbah,
16,An online argument with a Muslim be like.,
17,"In addition to this, the core of Islam is anti-multicultural, anti-humanism to non-muslims, anti-Semitic, anti-women, anti-free speech, and many more.",
18,"I would understand why some would resent Islam and Muslims. I mean look at these images. They reek radicalism and hate ! Even I- as a Muslim- feel disgusted watching them. 
But keep in mind, not all Muslims are like the ones in the images below.",
19,"They should leave Europe then. No Muslims = no Muslim hate. Simple math.",
20,The Quran: A book of hate literature,
21,"Speaking as one of the 3.45 million Muslim Americans living here, I can confirm the insurrection inciter is lying as usual.
Islam does not hate us, as in America or the West or whatever, not any more than any other religion would.
And this is more proof that anyone who is voting for trump is voting for the kind of rhetoric that would turn an entire bigoted slice of his base against a group of people based on the religion they practice. I'll admit that President Biden isn't perfect, but he's head and shoulders better than the twice-impeached hate monger who is only running for President to avoid prison.
I'll take four more years of President Biden over another nano second of the shit stain that is Donald trump.",
22,"Islam is a totalitarian ideology that believes in taking everything by force and then subjugating the remainder.
Almost everything green you see on the map below was conquered after killing hundreds of millions of local people.
That little red dot is saying ENOUGH IS ENOUGH!",
23,"Islam is an authoritarian, political doctrine which imposes itself by brutality 2dominate the world
It's a Cult that glories death",
24,Anti-Islam memes are incredible because they almost never mention foreign policy and think the religion was founded a week before 9/11.,
25,This picture will clear your mind easily,
26,"To be fair, this is not just Linda Sarsour (lady pictured in the meme). This is the whole Dawah movement in the West. See if you search her name, you will find her listed as ""Human Rights Activist"". I am not joking. But she is only interested in pushing the Islamic agenda. To call herself Human Rights Activist, one would expect she values all human rights? Right? Ask her what is her views of apostates of Islam and their rights? What is her views of gender unequal rights in Islam? Ask her about LGBTQ rights in Islam? Jews, Christians, and non-believers in Islam? 
There are some trolls who accused me of being Islamophobe and disrespecting Islam and their faith -as their human right. These people do not know Human Rights if it hit them in the face!
Do you see me using pig faces or degrading nudity photos of the prophet or his wives? Do you see me using photos turning Kabaa into a toilet or more importantly do you ever seem me generalising and attacking people who believe in Islam with insults...as some do? The answer is no. I present my views and observations of Islam using memes. Memes need to have a touch of satire or parody to lighten the subject and allow people to see the irony of the situation. It is not different to many memes you see in daily bases. Just because you dislike them, you cannot call me Islamophobe...when I talk about women war bounty, this is from the Quran.and Hadith, when I talk about Muhammad's many many marriages, this is in the Quran and hadith, when I talk about the scientific errors and contradictions in the Quran, I am providing the evidence with a light hearted image to show how ridiculous the logic is, like in this meme. None of this is Islamophobic! Learn the difference between attacking people, and mocking contradictions in a faith. The
You cannot have it your way where you have a right to promote your faith and be critical of all other faiths including people who leave Islam, and then scream Islamophobs when someone dares to be critical of yours!
What you need to know is this....Freedom of religion includes freedom from religion.",
27,Iranian diaspora always be dumb since they hate Islam more than their government who cause the problems and also this meme always relate,
28,"When is the world waking up and calls islam what it is.
A hate and conquerer ideology.",
29,"This meme misses the point of muslim immigration to Europe entirely.  
Islamists want to live in the West because they are missionaries. They come to establish Sharia in the West.   
They don't want to live in Afghanistan because their work there is done. But not in Europe.",
30,"Is your god hateful, mean, greedy, pathetically self absorbed â‰ï¸",
31,#islamkills #islamicpost #islamisterrorism #islamisacult #banislam,
32,"I hope Gaza is razed to the foundations and every muslim male residing in it burnsWomen of Gaza need Liberation from the muslim filth
Children of Gaza should be taken away and resettled in secular human societies where no form of Islam can defile their lives",
33,"Expel all male muslims, expel any women advocating Islam.
Take their kids away 

Tear down all mosques.
Teach that Islam is Evil..eg Nazism.
Defame it, undermine it, isolate it, and destroy it.

The only muslims on earth should be lunatics in the shadows.",
34,-,
35,Do you support the mass deportation of all Muslims?,
36,"The Swiss people have decided.

51% of Switzerland voted YES in the referendum to ban Islamic face coverings.",
37,This a perfect solution,
38,-,
39,"Britain is a âœï¸ country.
If you want to practice islam, go to one of the many ðŸ’© hole Islamic countries that practice it.4",
40,-,
41,-,
42,EGPYT > Before and After embracing Islam,
43,Some people would consider this post more offensive than prayin in the middle of the road.,
44,You mean someone would go on the internet and just LIE?!,
45,Simple as it is,
46,"Not a new fact, but one we should never forget.
",
47,Goodness-points and virtue signaling is more important than anything,
48,This choice is like a religious person - a no-brainer!,
49,Soonâ„¢,
50,Not much of a difference,
51,Who did it better?,
52,On repeat,
53,Awkward,
54,"6-year-old British children from a Christian family are being told at school that ""there is no God but Allah",
55,"Any culture that hates dogs is not a culture.
",
